campaign_id,merchant_id,offer_id,objective,audience_definition,status,approved_version,experiment_enabled,created_at,updated_at
CPN-0001,MER-0001,OFR-0021,REACTIVATE_INACTIVE,"{""evaluation_date"": ""2026-03-11"", ""grain"": ""customer_x_merchant"", ""merchant_scoped"": true, ""min_frequency"": 1, ""recency_days_max"": 400, ""recency_days_min"": 30, ""rule"": ""DORMANT_REENGAGE""}",COMPLETED,CPV-00002,true,2026-03-10T09:14:00,2026-03-11T11:50:00
CPN-0002,MER-0001,OFR-0022,REWARD_FREQUENT_CUSTOMERS,"{""evaluation_date"": ""2026-04-01"", ""frequency_percentile_min"": 30, ""grain"": ""customer_x_merchant"", ""merchant_scoped"": true, ""min_frequency"": 2, ""recency_days_max"": 90, ""rule"": ""TOP_FREQUENCY""}",COMPLETED,CPV-00004,false,2026-03-31T10:20:00,2026-03-31T23:34:00
CPN-0003,MER-0001,OFR-0023,INCREASE_REPEAT_PURCHASE,"{""evaluation_date"": ""2026-06-11"", ""grain"": ""customer_x_merchant"", ""merchant_scoped"": true, ""min_frequency"": 1, ""recency_days_max"": 90, ""rule"": ""RECENT_ACTIVE""}",FAILED,CPV-00006,false,2026-06-10T03:10:00,2026-06-11T10:59:00
CPN-0004,MER-0001,OFR-0024,WELCOME_NEW_CUSTOMERS,"{""evaluation_date"": ""2026-02-04"", ""first_purchase_within_days"": 90, ""grain"": ""customer_x_merchant"", ""max_frequency"": 8, ""merchant_scoped"": true, ""rule"": ""RECENTLY_ACQUIRED""}",COMPLETED,CPV-00008,false,2026-02-03T12:32:00,2026-02-04T19:42:00
CPN-0005,MER-0001,OFR-0025,SEASONAL_PROMOTION,"{""evaluation_date"": ""2026-07-01"", ""grain"": ""customer_x_merchant"", ""merchant_scoped"": true, ""min_frequency"": 1, ""recency_days_max"": 280, ""rule"": ""BROAD_REACH""}",COMPLETED,CPV-00010,false,2026-06-30T14:50:00,2026-07-01T19:59:00
CPN-0006,MER-0001,OFR-0026,PROMOTE_HIGH_VALUE_OFFER,"{""evaluation_date"": ""2026-08-15"", ""grain"": ""customer_x_merchant"", ""merchant_scoped"": true, ""min_frequency"": 1, ""rule"": ""TOP_SPENDERS"", ""spend_percentile_min"": 30}",COMPLETED,CPV-00011,true,2026-08-14T11:19:00,2026-08-15T04:42:00
CPN-0007,MER-0001,OFR-0027,REACTIVATE_INACTIVE,"{""evaluation_date"": ""2026-05-15"", ""grain"": ""customer_x_merchant"", ""merchant_scoped"": true, ""min_frequency"": 1, ""recency_days_max"": 400, ""recency_days_min"": 30, ""rule"": ""DORMANT_REENGAGE""}",CANCELLED,CPV-00013,false,2026-05-14T03:05:00,2026-05-16T04:13:00
CPN-0008,MER-0001,OFR-0028,REWARD_FREQUENT_CUSTOMERS,"{""evaluation_date"": ""2026-05-30"", ""frequency_percentile_min"": 30, ""grain"": ""customer_x_merchant"", ""merchant_scoped"": true, ""min_frequency"": 2, ""recency_days_max"": 90, ""rule"": ""TOP_FREQUENCY""}",REJECTED,CPV-00015,false,2026-05-29T05:43:00,2026-05-31T08:45:00
CPN-0009,MER-0001,OFR-0029,WELCOME_NEW_CUSTOMERS,"{""evaluation_date"": ""2026-09-15"", ""first_purchase_within_days"": 90, ""grain"": ""customer_x_merchant"", ""max_frequency"": 8, ""merchant_scoped"": true, ""rule"": ""RECENTLY_ACQUIRED""}",SENDING,CPV-00017,false,2026-09-14T02:54:00,2026-09-15T10:58:00
CPN-0010,MER-0001,OFR-0030,SEASONAL_PROMOTION,"{""evaluation_date"": ""2026-09-24"", ""grain"": ""customer_x_merchant"", ""merchant_scoped"": true, ""min_frequency"": 1, ""recency_days_max"": 280, ""rule"": ""BROAD_REACH""}",SCHEDULED,CPV-00019,false,2026-09-23T06:34:00,2026-09-24T15:07:00
CPN-0011,MER-0001,OFR-0031,PROMOTE_HIGH_VALUE_OFFER,"{""evaluation_date"": ""2026-09-02"", ""grain"": ""customer_x_merchant"", ""merchant_scoped"": true, ""min_frequency"": 1, ""rule"": ""TOP_SPENDERS"", ""spend_percentile_min"": 30}",COMPLETED,CPV-00021,false,2026-09-01T03:50:00,2026-09-02T15:30:00
CPN-0012,MER-0001,OFR-0032,INCREASE_REPEAT_PURCHASE,"{""evaluation_date"": ""2026-09-22"", ""grain"": ""customer_x_merchant"", ""merchant_scoped"": true, ""min_frequency"": 1, ""recency_days_max"": 90, ""rule"": ""RECENT_ACTIVE""}",PENDING_APPROVAL,,false,2026-09-21T04:38:00,2026-09-21T04:38:00
CPN-0013,MER-0001,OFR-0033,SEASONAL_PROMOTION,"{""evaluation_date"": ""2026-09-23"", ""grain"": ""customer_x_merchant"", ""merchant_scoped"": true, ""min_frequency"": 1, ""recency_days_max"": 280, ""rule"": ""BROAD_REACH""}",APPROVED,,false,2026-09-22T10:57:00,2026-09-22T10:57:00
CPN-0014,MER-0001,OFR-0034,REACTIVATE_INACTIVE,"{""evaluation_date"": ""2026-09-23"", ""grain"": ""customer_x_merchant"", ""merchant_scoped"": true, ""min_frequency"": 1, ""recency_days_max"": 400, ""recency_days_min"": 30, ""rule"": ""DORMANT_REENGAGE""}",DRAFT,,false,2026-09-22T06:00:00,2026-09-22T06:00:00
CPN-0015,MER-0002,OFR-0035,REACTIVATE_INACTIVE,"{""evaluation_date"": ""2026-01-03"", ""grain"": ""customer_x_merchant"", ""merchant_scoped"": true, ""min_frequency"": 1, ""recency_days_max"": 400, ""recency_days_min"": 30, ""rule"": ""DORMANT_REENGAGE""}",EXPIRED,CPV-00029,true,2026-01-02T08:00:00,2026-01-03T16:32:00
CPN-0016,MER-0002,OFR-0036,WELCOME_NEW_CUSTOMERS,"{""evaluation_date"": ""2026-04-01"", ""first_purchase_within_days"": 90, ""grain"": ""customer_x_merchant"", ""max_frequency"": 8, ""merchant_scoped"": true, ""rule"": ""RECENTLY_ACQUIRED""}",COMPLETED,CPV-00032,false,2026-03-31T08:09:00,2026-04-02T02:54:00
CPN-0017,MER-0002,OFR-0037,PROMOTE_HIGH_VALUE_OFFER,"{""evaluation_date"": ""2026-07-17"", ""grain"": ""customer_x_merchant"", ""merchant_scoped"": true, ""min_frequency"": 1, ""rule"": ""TOP_SPENDERS"", ""spend_percentile_min"": 30}",COMPLETED,CPV-00033,false,2026-07-16T10:35:00,2026-07-16T14:26:00
CPN-0018,MER-0002,OFR-0038,REACTIVATE_INACTIVE,"{""broadened_from"": ""{\""evaluation_date\"": \""2026-01-04\"", \""grain\"": \""customer_x_merchant\"", \""merchant_scoped\"": true, \""min_frequency\"": 1, \""recency_days_max\"": 400, \""recency_days_min\"": 30, \""rule\"": \""DORMANT_REENGAGE\""}"", ""evaluation_date"": ""2026-01-04"", ""grain"": ""customer_x_merchant"", ""merchant_scoped"": true, ""min_frequency"": 1, ""recency_days_max"": 400, ""rule"": ""BROAD_REACH""}",COMPLETED,CPV-00035,false,2026-01-03T09:15:00,2026-01-05T03:00:00
CPN-0019,MER-0003,OFR-0039,REWARD_FREQUENT_CUSTOMERS,"{""evaluation_date"": ""2026-01-28"", ""frequency_percentile_min"": 30, ""grain"": ""customer_x_merchant"", ""merchant_scoped"": true, ""min_frequency"": 2, ""recency_days_max"": 90, ""rule"": ""TOP_FREQUENCY""}",COMPLETED,CPV-00037,false,2026-01-27T06:01:00,2026-01-28T21:54:00
CPN-0020,MER-0003,OFR-0040,INCREASE_REPEAT_PURCHASE,"{""evaluation_date"": ""2026-05-16"", ""grain"": ""customer_x_merchant"", ""merchant_scoped"": true, ""min_frequency"": 1, ""recency_days_max"": 90, ""rule"": ""RECENT_ACTIVE""}",COMPLETED,CPV-00038,false,2026-05-15T12:43:00,2026-05-16T17:43:00
CPN-0021,MER-0003,OFR-0041,SEASONAL_PROMOTION,"{""evaluation_date"": ""2026-07-24"", ""grain"": ""customer_x_merchant"", ""merchant_scoped"": true, ""min_frequency"": 1, ""recency_days_max"": 280, ""rule"": ""BROAD_REACH""}",COMPLETED,CPV-00040,false,2026-07-23T16:57:00,2026-07-24T19:35:00
CPN-0022,MER-0003,OFR-0042,REWARD_FREQUENT_CUSTOMERS,"{""evaluation_date"": ""2026-02-10"", ""frequency_percentile_min"": 30, ""grain"": ""customer_x_merchant"", ""merchant_scoped"": true, ""min_frequency"": 2, ""recency_days_max"": 90, ""rule"": ""TOP_FREQUENCY""}",FAILED,CPV-00041,true,2026-02-09T05:33:00,2026-02-10T04:46:00
CPN-0023,MER-0004,OFR-0043,WELCOME_NEW_CUSTOMERS,"{""evaluation_date"": ""2026-03-10"", ""first_purchase_within_days"": 90, ""grain"": ""customer_x_merchant"", ""max_frequency"": 8, ""merchant_scoped"": true, ""rule"": ""RECENTLY_ACQUIRED""}",REJECTED,CPV-00043,false,2026-03-09T13:45:00,2026-03-10T23:06:00
CPN-0024,MER-0004,OFR-0044,PROMOTE_HIGH_VALUE_OFFER,"{""evaluation_date"": ""2026-06-16"", ""grain"": ""customer_x_merchant"", ""merchant_scoped"": true, ""min_frequency"": 1, ""rule"": ""TOP_SPENDERS"", ""spend_percentile_min"": 30}",COMPLETED,CPV-00044,false,2026-06-15T00:57:00,2026-06-16T06:08:00
CPN-0025,MER-0004,OFR-0045,REACTIVATE_INACTIVE,"{""evaluation_date"": ""2026-09-06"", ""grain"": ""customer_x_merchant"", ""merchant_scoped"": true, ""min_frequency"": 1, ""recency_days_max"": 400, ""recency_days_min"": 30, ""rule"": ""DORMANT_REENGAGE""}",COMPLETED,CPV-00046,true,2026-09-05T03:09:00,2026-09-06T04:42:00
CPN-0026,MER-0004,OFR-0046,WELCOME_NEW_CUSTOMERS,"{""evaluation_date"": ""2026-03-13"", ""first_purchase_within_days"": 90, ""grain"": ""customer_x_merchant"", ""max_frequency"": 8, ""merchant_scoped"": true, ""rule"": ""RECENTLY_ACQUIRED""}",EXPIRED,CPV-00047,false,2026-03-12T17:49:00,2026-03-13T19:48:00
CPN-0027,MER-0005,OFR-0047,INCREASE_REPEAT_PURCHASE,"{""evaluation_date"": ""2026-04-12"", ""grain"": ""customer_x_merchant"", ""merchant_scoped"": true, ""min_frequency"": 1, ""recency_days_max"": 90, ""rule"": ""RECENT_ACTIVE""}",COMPLETED,CPV-00049,false,2026-04-11T14:38:00,2026-04-12T18:10:00
CPN-0028,MER-0005,OFR-0048,SEASONAL_PROMOTION,"{""evaluation_date"": ""2026-07-03"", ""grain"": ""customer_x_merchant"", ""merchant_scoped"": true, ""min_frequency"": 1, ""recency_days_max"": 280, ""rule"": ""BROAD_REACH""}",COMPLETED,CPV-00050,true,2026-07-02T14:22:00,2026-07-03T19:58:00
CPN-0029,MER-0005,OFR-0049,REWARD_FREQUENT_CUSTOMERS,"{""evaluation_date"": ""2026-01-09"", ""frequency_percentile_min"": 30, ""grain"": ""customer_x_merchant"", ""merchant_scoped"": true, ""min_frequency"": 2, ""recency_days_max"": 90, ""rule"": ""TOP_FREQUENCY""}",COMPLETED,CPV-00051,false,2026-01-08T12:41:00,2026-01-08T15:13:00
CPN-0030,MER-0005,OFR-0050,INCREASE_REPEAT_PURCHASE,"{""evaluation_date"": ""2026-03-26"", ""grain"": ""customer_x_merchant"", ""merchant_scoped"": true, ""min_frequency"": 1, ""recency_days_max"": 90, ""rule"": ""RECENT_ACTIVE""}",FAILED,CPV-00052,false,2026-03-25T02:19:00,2026-03-25T18:10:00
CPN-0031,MER-0006,OFR-0051,PROMOTE_HIGH_VALUE_OFFER,"{""evaluation_date"": ""2026-04-27"", ""grain"": ""customer_x_merchant"", ""merchant_scoped"": true, ""min_frequency"": 1, ""rule"": ""TOP_SPENDERS"", ""spend_percentile_min"": 30}",COMPLETED,CPV-00054,true,2026-04-26T05:46:00,2026-04-26T23:57:00
CPN-0032,MER-0006,OFR-0052,REACTIVATE_INACTIVE,"{""evaluation_date"": ""2026-08-03"", ""grain"": ""customer_x_merchant"", ""merchant_scoped"": true, ""min_frequency"": 1, ""recency_days_max"": 400, ""recency_days_min"": 30, ""rule"": ""DORMANT_REENGAGE""}",COMPLETED,CPV-00056,false,2026-08-02T11:51:00,2026-08-03T17:23:00
CPN-0033,MER-0006,OFR-0053,WELCOME_NEW_CUSTOMERS,"{""evaluation_date"": ""2026-02-15"", ""first_purchase_within_days"": 90, ""grain"": ""customer_x_merchant"", ""max_frequency"": 8, ""merchant_scoped"": true, ""rule"": ""RECENTLY_ACQUIRED""}",COMPLETED,CPV-00058,false,2026-02-14T03:11:00,2026-02-15T23:27:00
CPN-0034,MER-0006,OFR-0054,PROMOTE_HIGH_VALUE_OFFER,"{""evaluation_date"": ""2026-04-30"", ""grain"": ""customer_x_merchant"", ""merchant_scoped"": true, ""min_frequency"": 1, ""rule"": ""TOP_SPENDERS"", ""spend_percentile_min"": 30}",COMPLETED,CPV-00060,false,2026-04-29T16:42:00,2026-05-01T01:08:00
CPN-0035,MER-0007,OFR-0055,SEASONAL_PROMOTION,"{""evaluation_date"": ""2026-06-04"", ""grain"": ""customer_x_merchant"", ""merchant_scoped"": true, ""min_frequency"": 1, ""recency_days_max"": 280, ""rule"": ""BROAD_REACH""}",COMPLETED,CPV-00062,false,2026-06-03T11:38:00,2026-06-04T10:24:00
CPN-0036,MER-0007,OFR-0056,REWARD_FREQUENT_CUSTOMERS,"{""evaluation_date"": ""2026-09-18"", ""frequency_percentile_min"": 30, ""grain"": ""customer_x_merchant"", ""merchant_scoped"": true, ""min_frequency"": 2, ""recency_days_max"": 90, ""rule"": ""TOP_FREQUENCY""}",COMPLETED,CPV-00064,false,2026-09-17T10:35:00,2026-09-18T17:34:00
CPN-0037,MER-0007,OFR-0057,INCREASE_REPEAT_PURCHASE,"{""evaluation_date"": ""2026-02-25"", ""grain"": ""customer_x_merchant"", ""merchant_scoped"": true, ""min_frequency"": 1, ""recency_days_max"": 90, ""rule"": ""RECENT_ACTIVE""}",EXPIRED,CPV-00066,false,2026-02-24T17:07:00,2026-02-25T05:50:00
CPN-0038,MER-0007,OFR-0058,SEASONAL_PROMOTION,"{""evaluation_date"": ""2026-06-12"", ""grain"": ""customer_x_merchant"", ""merchant_scoped"": true, ""min_frequency"": 1, ""recency_days_max"": 280, ""rule"": ""BROAD_REACH""}",COMPLETED,CPV-00068,true,2026-06-11T08:47:00,2026-06-12T01:29:00
CPN-0039,MER-0008,OFR-0059,REACTIVATE_INACTIVE,"{""evaluation_date"": ""2026-07-14"", ""grain"": ""customer_x_merchant"", ""merchant_scoped"": true, ""min_frequency"": 1, ""recency_days_max"": 400, ""recency_days_min"": 30, ""rule"": ""DORMANT_REENGAGE""}",REJECTED,CPV-00069,false,2026-07-13T12:01:00,2026-07-14T12:20:00
CPN-0040,MER-0008,OFR-0060,WELCOME_NEW_CUSTOMERS,"{""evaluation_date"": ""2026-01-03"", ""first_purchase_within_days"": 90, ""grain"": ""customer_x_merchant"", ""max_frequency"": 8, ""merchant_scoped"": true, ""rule"": ""RECENTLY_ACQUIRED""}",CANCELLED,CPV-00070,false,2026-01-02T08:00:00,2026-01-03T09:11:00
CPN-0041,MER-0008,OFR-0061,PROMOTE_HIGH_VALUE_OFFER,"{""evaluation_date"": ""2026-04-03"", ""grain"": ""customer_x_merchant"", ""merchant_scoped"": true, ""min_frequency"": 1, ""rule"": ""TOP_SPENDERS"", ""spend_percentile_min"": 30}",COMPLETED,CPV-00072,true,2026-04-02T08:42:00,2026-04-03T15:34:00
CPN-0042,MER-0008,OFR-0062,REACTIVATE_INACTIVE,"{""evaluation_date"": ""2026-07-20"", ""grain"": ""customer_x_merchant"", ""merchant_scoped"": true, ""min_frequency"": 1, ""recency_days_max"": 400, ""recency_days_min"": 30, ""rule"": ""DORMANT_REENGAGE""}",COMPLETED,CPV-00073,false,2026-07-19T16:53:00,2026-07-20T18:04:00
CPN-0043,MER-0009,OFR-0063,REWARD_FREQUENT_CUSTOMERS,"{""evaluation_date"": ""2026-08-14"", ""frequency_percentile_min"": 30, ""grain"": ""customer_x_merchant"", ""merchant_scoped"": true, ""min_frequency"": 2, ""recency_days_max"": 90, ""rule"": ""TOP_FREQUENCY""}",COMPLETED,CPV-00076,false,2026-08-13T02:36:00,2026-08-15T21:04:00
CPN-0044,MER-0009,OFR-0064,INCREASE_REPEAT_PURCHASE,"{""evaluation_date"": ""2026-02-05"", ""grain"": ""customer_x_merchant"", ""merchant_scoped"": true, ""min_frequency"": 1, ""recency_days_max"": 90, ""rule"": ""RECENT_ACTIVE""}",CANCELLED,CPV-00077,true,2026-02-04T12:24:00,2026-02-04T18:07:00
CPN-0045,MER-0009,OFR-0065,SEASONAL_PROMOTION,"{""evaluation_date"": ""2026-05-10"", ""grain"": ""customer_x_merchant"", ""merchant_scoped"": true, ""min_frequency"": 1, ""recency_days_max"": 280, ""rule"": ""BROAD_REACH""}",COMPLETED,CPV-00078,false,2026-05-09T05:41:00,2026-05-10T09:14:00
CPN-0046,MER-0009,OFR-0066,REWARD_FREQUENT_CUSTOMERS,"{""evaluation_date"": ""2026-08-02"", ""frequency_percentile_min"": 30, ""grain"": ""customer_x_merchant"", ""merchant_scoped"": true, ""min_frequency"": 2, ""recency_days_max"": 90, ""rule"": ""TOP_FREQUENCY""}",COMPLETED,CPV-00079,false,2026-08-01T08:04:00,2026-08-01T13:42:00
CPN-0047,MER-0010,OFR-0067,WELCOME_NEW_CUSTOMERS,"{""evaluation_date"": ""2026-08-30"", ""first_purchase_within_days"": 90, ""grain"": ""customer_x_merchant"", ""max_frequency"": 8, ""merchant_scoped"": true, ""rule"": ""RECENTLY_ACQUIRED""}",COMPLETED,CPV-00081,true,2026-08-29T09:44:00,2026-08-30T03:51:00
CPN-0048,MER-0010,OFR-0068,PROMOTE_HIGH_VALUE_OFFER,"{""evaluation_date"": ""2026-03-05"", ""grain"": ""customer_x_merchant"", ""merchant_scoped"": true, ""min_frequency"": 1, ""rule"": ""TOP_SPENDERS"", ""spend_percentile_min"": 30}",EXPIRED,CPV-00084,false,2026-03-04T09:46:00,2026-03-05T10:46:00
CPN-0049,MER-0010,OFR-0069,REACTIVATE_INACTIVE,"{""evaluation_date"": ""2026-05-23"", ""grain"": ""customer_x_merchant"", ""merchant_scoped"": true, ""min_frequency"": 1, ""recency_days_max"": 400, ""recency_days_min"": 30, ""rule"": ""DORMANT_REENGAGE""}",COMPLETED,CPV-00086,false,2026-05-22T12:51:00,2026-05-23T18:17:00
CPN-0050,MER-0010,OFR-0070,WELCOME_NEW_CUSTOMERS,"{""evaluation_date"": ""2026-09-06"", ""first_purchase_within_days"": 90, ""grain"": ""customer_x_merchant"", ""max_frequency"": 8, ""merchant_scoped"": true, ""rule"": ""RECENTLY_ACQUIRED""}",COMPLETED,CPV-00087,false,2026-09-05T09:21:00,2026-09-05T18:19:00
CPN-0051,MER-0011,OFR-0071,INCREASE_REPEAT_PURCHASE,"{""evaluation_date"": ""2026-01-06"", ""grain"": ""customer_x_merchant"", ""merchant_scoped"": true, ""min_frequency"": 1, ""recency_days_max"": 90, ""rule"": ""RECENT_ACTIVE""}",COMPLETED,CPV-00089,false,2026-01-05T05:15:00,2026-01-06T05:13:00
CPN-0052,MER-0011,OFR-0072,SEASONAL_PROMOTION,"{""evaluation_date"": ""2026-04-13"", ""grain"": ""customer_x_merchant"", ""merchant_scoped"": true, ""min_frequency"": 1, ""recency_days_max"": 280, ""rule"": ""BROAD_REACH""}",COMPLETED,CPV-00090,false,2026-04-12T08:38:00,2026-04-12T18:56:00
CPN-0053,MER-0011,OFR-0073,REWARD_FREQUENT_CUSTOMERS,"{""evaluation_date"": ""2026-06-27"", ""frequency_percentile_min"": 30, ""grain"": ""customer_x_merchant"", ""merchant_scoped"": true, ""min_frequency"": 2, ""recency_days_max"": 90, ""rule"": ""TOP_FREQUENCY""}",COMPLETED,CPV-00092,false,2026-06-26T11:51:00,2026-06-27T11:40:00
CPN-0054,MER-0011,OFR-0074,INCREASE_REPEAT_PURCHASE,"{""evaluation_date"": ""2026-01-16"", ""grain"": ""customer_x_merchant"", ""merchant_scoped"": true, ""min_frequency"": 1, ""recency_days_max"": 90, ""rule"": ""RECENT_ACTIVE""}",COMPLETED,CPV-00093,true,2026-01-15T11:26:00,2026-01-16T06:18:00
CPN-0055,MER-0012,OFR-0075,PROMOTE_HIGH_VALUE_OFFER,"{""evaluation_date"": ""2026-02-09"", ""grain"": ""customer_x_merchant"", ""merchant_scoped"": true, ""min_frequency"": 1, ""rule"": ""TOP_SPENDERS"", ""spend_percentile_min"": 30}",COMPLETED,CPV-00094,false,2026-02-08T07:50:00,2026-02-08T15:49:00
CPN-0056,MER-0012,OFR-0076,REACTIVATE_INACTIVE,"{""evaluation_date"": ""2026-04-30"", ""grain"": ""customer_x_merchant"", ""merchant_scoped"": true, ""min_frequency"": 1, ""recency_days_max"": 400, ""recency_days_min"": 30, ""rule"": ""DORMANT_REENGAGE""}",COMPLETED,CPV-00096,false,2026-04-29T09:11:00,2026-04-30T08:56:00
CPN-0057,MER-0012,OFR-0077,WELCOME_NEW_CUSTOMERS,"{""evaluation_date"": ""2026-08-06"", ""first_purchase_within_days"": 90, ""grain"": ""customer_x_merchant"", ""max_frequency"": 8, ""merchant_scoped"": true, ""rule"": ""RECENTLY_ACQUIRED""}",REJECTED,CPV-00098,true,2026-08-05T10:28:00,2026-08-06T11:15:00
CPN-0058,MER-0012,OFR-0078,PROMOTE_HIGH_VALUE_OFFER,"{""evaluation_date"": ""2026-02-18"", ""grain"": ""customer_x_merchant"", ""merchant_scoped"": true, ""min_frequency"": 1, ""rule"": ""TOP_SPENDERS"", ""spend_percentile_min"": 30}",COMPLETED,CPV-00099,false,2026-02-17T03:20:00,2026-02-17T15:25:00
CPN-0059,MER-0013,OFR-0079,SEASONAL_PROMOTION,"{""evaluation_date"": ""2026-03-18"", ""grain"": ""customer_x_merchant"", ""merchant_scoped"": true, ""min_frequency"": 1, ""recency_days_max"": 280, ""rule"": ""BROAD_REACH""}",EXPIRED,CPV-00101,false,2026-03-17T07:43:00,2026-03-18T07:14:00
CPN-0060,MER-0013,OFR-0080,REWARD_FREQUENT_CUSTOMERS,"{""evaluation_date"": ""2026-06-04"", ""frequency_percentile_min"": 30, ""grain"": ""customer_x_merchant"", ""merchant_scoped"": true, ""min_frequency"": 2, ""recency_days_max"": 90, ""rule"": ""TOP_FREQUENCY""}",COMPLETED,CPV-00104,true,2026-06-03T14:47:00,2026-06-05T14:50:00
CPN-0061,MER-0013,OFR-0081,INCREASE_REPEAT_PURCHASE,"{""evaluation_date"": ""2026-09-12"", ""grain"": ""customer_x_merchant"", ""merchant_scoped"": true, ""min_frequency"": 1, ""recency_days_max"": 90, ""rule"": ""RECENT_ACTIVE""}",SENDING,CPV-00106,false,2026-09-11T03:14:00,2026-09-13T05:27:00
CPN-0062,MER-0013,OFR-0082,SEASONAL_PROMOTION,"{""evaluation_date"": ""2026-02-25"", ""grain"": ""customer_x_merchant"", ""merchant_scoped"": true, ""min_frequency"": 1, ""recency_days_max"": 280, ""rule"": ""BROAD_REACH""}",COMPLETED,CPV-00108,false,2026-02-24T07:33:00,2026-02-26T14:08:00
CPN-0063,MER-0014,OFR-0083,REACTIVATE_INACTIVE,"{""evaluation_date"": ""2026-03-30"", ""grain"": ""customer_x_merchant"", ""merchant_scoped"": true, ""min_frequency"": 1, ""recency_days_max"": 400, ""recency_days_min"": 30, ""rule"": ""DORMANT_REENGAGE""}",COMPLETED,CPV-00111,true,2026-03-29T06:00:00,2026-03-31T12:07:00
CPN-0064,MER-0014,OFR-0084,WELCOME_NEW_CUSTOMERS,"{""evaluation_date"": ""2026-07-15"", ""first_purchase_within_days"": 90, ""grain"": ""customer_x_merchant"", ""max_frequency"": 8, ""merchant_scoped"": true, ""rule"": ""RECENTLY_ACQUIRED""}",COMPLETED,CPV-00113,false,2026-07-14T12:11:00,2026-07-16T02:16:00
CPN-0065,MER-0014,OFR-0085,PROMOTE_HIGH_VALUE_OFFER,"{""evaluation_date"": ""2026-01-03"", ""grain"": ""customer_x_merchant"", ""merchant_scoped"": true, ""min_frequency"": 1, ""rule"": ""TOP_SPENDERS"", ""spend_percentile_min"": 30}",COMPLETED,CPV-00115,false,2026-01-02T08:00:00,2026-01-04T09:20:00
CPN-0066,MER-0015,OFR-0086,REWARD_FREQUENT_CUSTOMERS,"{""evaluation_date"": ""2026-05-06"", ""frequency_percentile_min"": 30, ""grain"": ""customer_x_merchant"", ""merchant_scoped"": true, ""min_frequency"": 2, ""recency_days_max"": 90, ""rule"": ""TOP_FREQUENCY""}",COMPLETED,CPV-00117,false,2026-05-05T08:43:00,2026-05-06T10:29:00
CPN-0067,MER-0015,OFR-0087,INCREASE_REPEAT_PURCHASE,"{""evaluation_date"": ""2026-08-15"", ""grain"": ""customer_x_merchant"", ""merchant_scoped"": true, ""min_frequency"": 1, ""recency_days_max"": 90, ""rule"": ""RECENT_ACTIVE""}",COMPLETED,CPV-00120,false,2026-08-14T07:35:00,2026-08-16T02:42:00
CPN-0068,MER-0015,OFR-0088,SEASONAL_PROMOTION,"{""evaluation_date"": ""2026-02-05"", ""grain"": ""customer_x_merchant"", ""merchant_scoped"": true, ""min_frequency"": 1, ""recency_days_max"": 280, ""rule"": ""BROAD_REACH""}",COMPLETED,CPV-00122,false,2026-02-04T13:57:00,2026-02-05T08:31:00
CPN-0069,MER-0016,OFR-0089,WELCOME_NEW_CUSTOMERS,"{""evaluation_date"": ""2026-06-15"", ""first_purchase_within_days"": 90, ""grain"": ""customer_x_merchant"", ""max_frequency"": 8, ""merchant_scoped"": true, ""rule"": ""RECENTLY_ACQUIRED""}",REJECTED,CPV-00123,false,2026-06-14T06:20:00,2026-06-14T20:39:00
CPN-0070,MER-0016,OFR-0090,PROMOTE_HIGH_VALUE_OFFER,"{""evaluation_date"": ""2026-09-03"", ""grain"": ""customer_x_merchant"", ""merchant_scoped"": true, ""min_frequency"": 1, ""rule"": ""TOP_SPENDERS"", ""spend_percentile_min"": 30}",EXPIRED,CPV-00124,false,2026-09-02T11:57:00,2026-09-02T19:20:00
CPN-0071,MER-0016,OFR-0091,REACTIVATE_INACTIVE,"{""evaluation_date"": ""2026-03-13"", ""grain"": ""customer_x_merchant"", ""merchant_scoped"": true, ""min_frequency"": 1, ""recency_days_max"": 400, ""recency_days_min"": 30, ""rule"": ""DORMANT_REENGAGE""}",COMPLETED,CPV-00127,true,2026-03-12T03:08:00,2026-03-14T14:00:00
CPN-0072,MER-0017,OFR-0092,INCREASE_REPEAT_PURCHASE,"{""evaluation_date"": ""2026-06-28"", ""grain"": ""customer_x_merchant"", ""merchant_scoped"": true, ""min_frequency"": 1, ""recency_days_max"": 90, ""rule"": ""RECENT_ACTIVE""}",COMPLETED,CPV-00128,false,2026-06-27T08:08:00,2026-06-27T13:06:00
CPN-0073,MER-0017,OFR-0093,SEASONAL_PROMOTION,"{""evaluation_date"": ""2026-01-10"", ""grain"": ""customer_x_merchant"", ""merchant_scoped"": true, ""min_frequency"": 1, ""recency_days_max"": 280, ""rule"": ""BROAD_REACH""}",COMPLETED,CPV-00129,true,2026-01-09T09:29:00,2026-01-10T00:30:00
CPN-0074,MER-0017,OFR-0094,REWARD_FREQUENT_CUSTOMERS,"{""evaluation_date"": ""2026-04-14"", ""frequency_percentile_min"": 30, ""grain"": ""customer_x_merchant"", ""merchant_scoped"": true, ""min_frequency"": 2, ""recency_days_max"": 90, ""rule"": ""TOP_FREQUENCY""}",COMPLETED,CPV-00131,false,2026-04-13T10:04:00,2026-04-14T00:51:00
CPN-0075,MER-0018,OFR-0095,PROMOTE_HIGH_VALUE_OFFER,"{""evaluation_date"": ""2026-08-05"", ""grain"": ""customer_x_merchant"", ""merchant_scoped"": true, ""min_frequency"": 1, ""rule"": ""TOP_SPENDERS"", ""spend_percentile_min"": 30}",COMPLETED,CPV-00134,true,2026-08-04T03:08:00,2026-08-06T09:12:00
CPN-0076,MER-0018,OFR-0096,REACTIVATE_INACTIVE,"{""evaluation_date"": ""2026-02-15"", ""grain"": ""customer_x_merchant"", ""merchant_scoped"": true, ""min_frequency"": 1, ""recency_days_max"": 400, ""recency_days_min"": 30, ""rule"": ""DORMANT_REENGAGE""}",COMPLETED,CPV-00135,false,2026-02-14T11:38:00,2026-02-15T06:53:00
CPN-0077,MER-0018,OFR-0097,WELCOME_NEW_CUSTOMERS,"{""evaluation_date"": ""2026-04-27"", ""first_purchase_within_days"": 90, ""grain"": ""customer_x_merchant"", ""max_frequency"": 8, ""merchant_scoped"": true, ""rule"": ""RECENTLY_ACQUIRED""}",COMPLETED,CPV-00137,false,2026-04-26T08:32:00,2026-04-27T23:05:00
