campaign_version_id,campaign_id,version_number,headline,message,call_to_action,ai_model,prompt_version,status,rejection_reason,created_at,approved_at
CPV-00001,CPN-0001,1,Get Rs 250 OFF above Rs 2499,Pay with Paytm at Brew Junction and get Rs 250 OFF on bills above Rs 2499. Valid till 26 Mar.,Use code at checkout,template-fallback-v1,p1.0,VALIDATED,,2026-03-10T10:08:00,
CPV-00002,CPN-0001,2,Get Rs 250 OFF above Rs 2499,Pay with Paytm at Brew Junction and get Rs 250 OFF on bills above Rs 2499. Valid till 26 Mar.,Use code at checkout,template-fallback-v1,p1.1,APPROVED,,2026-03-11T03:08:00,2026-03-11T11:50:00
CPV-00003,CPN-0002,1,Get Rs 150 OFF above Rs 1499,Pay with Paytm at Brew Junction and get Rs 150 OFF on bills above Rs 1499. Valid till 30 Apr.,Pay now with Paytm,mock-copywriter-v2,p2.0,VALIDATED,,2026-03-31T10:33:00,
CPV-00004,CPN-0002,2,Get Rs 150 OFF above Rs 1499,Pay with Paytm at Brew Junction and get Rs 150 OFF on bills above Rs 1499. Valid till 30 Apr.,Pay with Paytm to redeem,mock-copywriter-v1,p1.2,APPROVED,,2026-03-31T12:33:00,2026-03-31T23:34:00
CPV-00005,CPN-0003,1,Get Rs 300 OFF above Rs 9999,Pay with Paytm at Brew Junction and get Rs 300 OFF on bills above Rs 9999. Valid till 27 Jun.,Use code at checkout,template-fallback-v1,p1.1,GENERATED,,2026-06-10T04:04:00,
CPV-00006,CPN-0003,2,Get Rs 300 OFF above Rs 9999,Pay with Paytm at Brew Junction and get Rs 300 OFF on bills above Rs 9999. Valid till 27 Jun.,Claim offer in Paytm,mock-copywriter-v2,p1.2,APPROVED,,2026-06-11T06:04:00,2026-06-11T10:59:00
CPV-00007,CPN-0004,1,Get 5% OFF (up to Rs 38) above Rs 699,Pay with Paytm at Brew Junction and get 5% OFF (up to Rs 38) on bills above Rs 699. Valid till 25 Feb.,Pay now with Paytm,mock-copywriter-v1,p1.0,GENERATED,,2026-02-03T13:28:00,
CPV-00008,CPN-0004,2,Get 5% OFF (up to Rs 38) above Rs 699,Pay with Paytm at Brew Junction and get 5% OFF (up to Rs 38) on bills above Rs 699. Valid till 25 Feb.,Tap to pay with Paytm,mock-copywriter-v1,p1.1,APPROVED,,2026-02-04T00:28:00,2026-02-04T19:42:00
CPV-00009,CPN-0005,1,Get Rs 200 OFF above Rs 1499,Pay with Paytm at Brew Junction and get Rs 200 OFF on bills above Rs 1499. Valid till 18 Jul.,Use code at checkout,mock-copywriter-v1,p2.0,GENERATED,,2026-06-30T15:22:00,
CPV-00010,CPN-0005,2,Get Rs 200 OFF above Rs 1499,Pay with Paytm at Brew Junction and get Rs 200 OFF on bills above Rs 1499. Valid till 18 Jul.,Use code at checkout,template-fallback-v1,p1.2,APPROVED,,2026-07-01T04:22:00,2026-07-01T19:59:00
CPV-00011,CPN-0006,1,Get Rs 100 OFF above Rs 599,Pay with Paytm at Brew Junction and get Rs 100 OFF on bills above Rs 599. Valid till 9 Sep.,Use code at checkout,mock-copywriter-v1,p1.2,APPROVED,,2026-08-14T11:38:00,2026-08-15T04:42:00
CPV-00012,CPN-0007,1,Get Rs 300 OFF above Rs 799,Pay with Paytm at Brew Junction and get Rs 300 OFF on bills above Rs 799. Valid till 5 Jun.,Pay with Paytm to redeem,mock-copywriter-v1,p2.0,VALIDATED,,2026-05-14T04:20:00,
CPV-00013,CPN-0007,2,Get Rs 300 OFF above Rs 799,Pay with Paytm at Brew Junction and get Rs 300 OFF on bills above Rs 799. Valid till 5 Jun.,Tap to pay with Paytm,template-fallback-v1,p2.0,APPROVED,,2026-05-15T02:20:00,2026-05-16T04:13:00
CPV-00014,CPN-0008,1,Get 25% OFF (up to Rs 190) above Rs 4000,Pay with Paytm at Brew Junction and get 25% OFF (up to Rs 190) on bills above Rs 4000. Valid till 16 Jun.,Claim offer in Paytm,mock-copywriter-v2,p1.0,REJECTED,MINIMUM_SPEND_MISMATCH,2026-05-29T06:36:00,
CPV-00015,CPN-0008,2,Get 25% OFF (up to Rs 190) above Rs 9999,Pay with Paytm at Brew Junction and get 25% OFF (up to Rs 190) on bills above Rs 9999. Valid till 16 Jun.,Use code at checkout,mock-copywriter-v2,p2.0,APPROVED,,2026-05-30T03:36:00,2026-05-31T08:45:00
CPV-00016,CPN-0009,1,Get Rs 100 OFF above Rs 1199,Pay with Paytm at Brew Junction and get Rs 100 OFF on bills above Rs 1199. Valid till 12 Oct.,Use code at checkout,mock-copywriter-v1,p1.0,GENERATED,,2026-09-14T03:05:00,
CPV-00017,CPN-0009,2,Get Rs 100 OFF above Rs 1199,Pay with Paytm at Brew Junction and get Rs 100 OFF on bills above Rs 1199. Valid till 12 Oct.,Claim offer in Paytm,mock-copywriter-v2,p2.0,APPROVED,,2026-09-14T17:05:00,2026-09-15T10:58:00
CPV-00018,CPN-0010,1,Get Rs 300 OFF above Rs 799,Pay with Paytm at Brew Junction and get Rs 300 OFF on bills above Rs 799. Valid till 18 Oct.,Claim offer in Paytm,template-fallback-v1,p1.2,GENERATED,,2026-09-23T07:29:00,
CPV-00019,CPN-0010,2,Get Rs 300 OFF above Rs 799,Pay with Paytm at Brew Junction and get Rs 300 OFF on bills above Rs 799. Valid till 18 Oct.,Tap to pay with Paytm,template-fallback-v1,p1.1,APPROVED,,2026-09-23T15:29:00,2026-09-24T15:07:00
CPV-00020,CPN-0011,1,Get Rs 250 OFF above Rs 9999,Pay with Paytm at Brew Junction and get Rs 250 OFF on bills above Rs 9999. Valid till 18 Sep.,Tap to pay with Paytm,mock-copywriter-v2,p1.0,VALIDATED,,2026-09-01T04:38:00,
CPV-00021,CPN-0011,2,Get Rs 250 OFF above Rs 9999,Pay with Paytm at Brew Junction and get Rs 250 OFF on bills above Rs 9999. Valid till 18 Sep.,Use code at checkout,mock-copywriter-v2,p1.0,APPROVED,,2026-09-02T02:38:00,2026-09-02T15:30:00
CPV-00022,CPN-0012,1,Get 15% OFF (up to Rs 114) above Rs 4999,Pay with Paytm at Brew Junction and get 15% OFF (up to Rs 114) on bills above Rs 4999. Valid till 11 Oct.,Claim offer in Paytm,mock-copywriter-v2,p1.1,VALIDATED,,2026-09-21T05:33:00,
CPV-00023,CPN-0012,2,Get 15% OFF (up to Rs 114) above Rs 4999,Pay with Paytm at Brew Junction and get 15% OFF (up to Rs 114) on bills above Rs 4999. Valid till 11 Oct.,Pay with Paytm to redeem,mock-copywriter-v2,p1.2,VALIDATED,,2026-09-22T01:33:00,
CPV-00024,CPN-0013,1,Get Rs 150 OFF above Rs 2499,Pay with Paytm at Brew Junction and get Rs 150 OFF on bills above Rs 2499. Valid till 9 Oct.,Pay now with Paytm,template-fallback-v1,p1.2,VALIDATED,,2026-09-22T12:04:00,
CPV-00025,CPN-0014,1,Get Rs 200 OFF above Rs 1199,Pay with Paytm at Brew Junction and get Rs 200 OFF on bills above Rs 1199. Valid till 18 Oct.,Claim offer in Paytm,mock-copywriter-v2,p2.0,VALIDATED,,2026-09-22T07:19:00,
CPV-00026,CPN-0014,2,Get Rs 200 OFF above Rs 1199,Pay with Paytm at Brew Junction and get Rs 200 OFF on bills above Rs 1199. Valid till 18 Oct.,Claim offer in Paytm,mock-copywriter-v2,p1.2,VALIDATED,,2026-09-22T11:19:00,
CPV-00027,CPN-0014,3,Get Rs 200 OFF above Rs 1199,Pay with Paytm at Brew Junction and get Rs 200 OFF on bills above Rs 1199. Valid till 18 Oct.,Pay now with Paytm,mock-copywriter-v1,p2.0,VALIDATED,,2026-09-23T04:19:00,
CPV-00028,CPN-0015,1,Get Rs 1400 OFF above Rs 499,Pay with Paytm at Saffron Tandoor House and get Rs 1400 OFF on bills above Rs 499. Valid till 30 Dec.,Pay with Paytm to redeem,mock-copywriter-v1,p2.0,GENERATED,,2026-01-02T08:27:00,
CPV-00029,CPN-0015,2,Get Rs 1400 OFF above Rs 499,Pay with Paytm at Saffron Tandoor House and get Rs 1400 OFF on bills above Rs 499. Valid till 30 Dec.,Tap to pay with Paytm,template-fallback-v1,p1.1,APPROVED,,2026-01-03T09:27:00,2026-01-03T16:32:00
CPV-00030,CPN-0016,1,Get 20% OFF (up to Rs 560) above Rs 2499,Pay with Paytm at Saffron Tandoor House and get 20% OFF (up to Rs 560) on bills above Rs 2499. Valid till 3 May.,Use code at checkout,template-fallback-v1,p1.0,GENERATED,,2026-03-31T08:52:00,
CPV-00031,CPN-0016,2,Get 20% OFF (up to Rs 560) above Rs 2499,Pay with Paytm at Saffron Tandoor House and get 20% OFF (up to Rs 560) on bills above Rs 2499. Valid till 3 May.,Pay with Paytm to redeem,mock-copywriter-v1,p1.2,GENERATED,,2026-04-01T03:52:00,
CPV-00032,CPN-0016,3,Get 20% OFF (up to Rs 560) above Rs 2499,Pay with Paytm at Saffron Tandoor House and get 20% OFF (up to Rs 560) on bills above Rs 2499. Valid till 3 May.,Pay now with Paytm,mock-copywriter-v2,p1.1,APPROVED,,2026-04-01T22:52:00,2026-04-02T02:54:00
CPV-00033,CPN-0017,1,Get Rs 400 OFF above Rs 899,Pay with Paytm at Saffron Tandoor House and get Rs 400 OFF on bills above Rs 899. Valid till 6 Aug.,Pay now with Paytm,template-fallback-v1,p1.2,APPROVED,,2026-07-16T11:27:00,2026-07-16T14:26:00
CPV-00034,CPN-0018,1,Get Rs 600 OFF above Rs 1499,Pay with Paytm at Saffron Tandoor House and get Rs 600 OFF on bills above Rs 1499. Valid till 20 Jan.,Pay with Paytm to redeem,template-fallback-v1,p2.0,GENERATED,,2026-01-03T10:22:00,
CPV-00035,CPN-0018,2,Get Rs 600 OFF above Rs 1499,Pay with Paytm at Saffron Tandoor House and get Rs 600 OFF on bills above Rs 1499. Valid till 20 Jan.,Tap to pay with Paytm,template-fallback-v1,p1.2,APPROVED,,2026-01-04T08:22:00,2026-01-05T03:00:00
CPV-00036,CPN-0019,1,Get Rs 500 OFF above Rs 999,Pay with Paytm at Glow & Mane Studio and get Rs 500 OFF on bills above Rs 999. Valid till 18 Feb.,Pay with Paytm to redeem,mock-copywriter-v2,p1.2,VALIDATED,,2026-01-27T06:41:00,
CPV-00037,CPN-0019,2,Get Rs 500 OFF above Rs 999,Pay with Paytm at Glow & Mane Studio and get Rs 500 OFF on bills above Rs 999. Valid till 18 Feb.,Claim offer in Paytm,mock-copywriter-v2,p2.0,APPROVED,,2026-01-27T21:41:00,2026-01-28T21:54:00
CPV-00038,CPN-0020,1,Get 20% OFF (up to Rs 960) above Rs 1499,Pay with Paytm at Glow & Mane Studio and get 20% OFF (up to Rs 960) on bills above Rs 1499. Valid till 29 May.,Claim offer in Paytm,mock-copywriter-v1,p1.1,APPROVED,,2026-05-15T13:18:00,2026-05-16T17:43:00
CPV-00039,CPN-0021,1,Get Rs 2100 OFF above Rs 799,Pay with Paytm at Glow & Mane Studio and get Rs 2100 OFF on bills above Rs 799. Valid till 25 Aug.,Pay with Paytm to redeem,mock-copywriter-v2,p2.0,VALIDATED,,2026-07-23T17:13:00,
CPV-00040,CPN-0021,2,Get Rs 2100 OFF above Rs 799,Pay with Paytm at Glow & Mane Studio and get Rs 2100 OFF on bills above Rs 799. Valid till 25 Aug.,Tap to pay with Paytm,template-fallback-v1,p1.1,APPROVED,,2026-07-24T04:13:00,2026-07-24T19:35:00
CPV-00041,CPN-0022,1,Get Rs 2400 OFF above Rs 499,Pay with Paytm at Glow & Mane Studio and get Rs 2400 OFF on bills above Rs 499. Valid till 1 Mar.,Claim offer in Paytm,mock-copywriter-v1,p1.2,APPROVED,,2026-02-09T06:45:00,2026-02-10T04:46:00
CPV-00042,CPN-0023,1,Rs 1600 OFF - the biggest discount ever,Pay with Paytm at Indigo Thread Apparel. Enjoy our record-breaking Rs 1600 OFF on a minimum bill of just Rs 1.,Pay now with Paytm,mock-copywriter-v2,p2.0,REJECTED,EXCESSIVE_DISCOUNT_LANGUAGE,2026-03-09T15:12:00,
CPV-00043,CPN-0023,2,Get Rs 1600 OFF above Rs 4999,Pay with Paytm at Indigo Thread Apparel and get Rs 1600 OFF on bills above Rs 4999. Valid till 22 Mar.,Tap to pay with Paytm,template-fallback-v1,p1.2,APPROVED,,2026-03-09T18:12:00,2026-03-10T23:06:00
CPV-00044,CPN-0024,1,Get 20% OFF (up to Rs 1920) above Rs 4999,Pay with Paytm at Indigo Thread Apparel and get 20% OFF (up to Rs 1920) on bills above Rs 4999. Valid till 10 Jul.,Tap to pay with Paytm,mock-copywriter-v1,p1.0,APPROVED,,2026-06-15T01:33:00,2026-06-16T06:08:00
CPV-00045,CPN-0025,1,Get Rs 3800 OFF above Rs 499,Pay with Paytm at Indigo Thread Apparel and get Rs 3800 OFF on bills above Rs 499. Valid till 18 Sep.,Tap to pay with Paytm,template-fallback-v1,p1.1,GENERATED,,2026-09-05T04:07:00,
CPV-00046,CPN-0025,2,Get Rs 3800 OFF above Rs 499,Pay with Paytm at Indigo Thread Apparel and get Rs 3800 OFF on bills above Rs 499. Valid till 18 Sep.,Claim offer in Paytm,mock-copywriter-v2,p1.2,APPROVED,,2026-09-05T07:07:00,2026-09-06T04:42:00
CPV-00047,CPN-0026,1,Get Rs 3700 OFF above Rs 499,Pay with Paytm at Indigo Thread Apparel and get Rs 3700 OFF on bills above Rs 499. Valid till 20 Mar.,Pay with Paytm to redeem,template-fallback-v1,p2.0,APPROVED,,2026-03-12T19:02:00,2026-03-13T19:48:00
CPV-00048,CPN-0027,1,Get Rs 200 OFF above Rs 799,Pay with Paytm at GreenLeaf Daily Mart and get Rs 200 OFF on bills above Rs 799. Valid till 6 May.,Pay with Paytm to redeem,template-fallback-v1,p1.0,VALIDATED,,2026-04-11T15:50:00,
CPV-00049,CPN-0027,2,Get Rs 200 OFF above Rs 799,Pay with Paytm at GreenLeaf Daily Mart and get Rs 200 OFF on bills above Rs 799. Valid till 6 May.,Tap to pay with Paytm,template-fallback-v1,p2.0,APPROVED,,2026-04-11T18:50:00,2026-04-12T18:10:00
CPV-00050,CPN-0028,1,Get 20% OFF (up to Rs 640) above Rs 1999,Pay with Paytm at GreenLeaf Daily Mart and get 20% OFF (up to Rs 640) on bills above Rs 1999. Valid till 25 Jul.,Pay now with Paytm,mock-copywriter-v2,p1.1,APPROVED,,2026-07-02T14:48:00,2026-07-03T19:58:00
CPV-00051,CPN-0029,1,Get Rs 1400 OFF above Rs 499,Pay with Paytm at GreenLeaf Daily Mart and get Rs 1400 OFF on bills above Rs 499. Valid till 8 Feb.,Pay with Paytm to redeem,template-fallback-v1,p1.1,APPROVED,,2026-01-08T13:07:00,2026-01-08T15:13:00
CPV-00052,CPN-0030,1,Get Rs 500 OFF above Rs 799,Pay with Paytm at GreenLeaf Daily Mart and get Rs 500 OFF on bills above Rs 799. Valid till 17 Apr.,Pay with Paytm to redeem,mock-copywriter-v2,p1.2,APPROVED,,2026-03-25T03:37:00,2026-03-25T18:10:00
CPV-00053,CPN-0031,1,Get Rs 350 OFF above Rs 699,Pay with Paytm at Crumb Theory Bakes and get Rs 350 OFF on bills above Rs 699. Valid till 24 May.,Pay now with Paytm,mock-copywriter-v1,p1.2,VALIDATED,,2026-04-26T06:13:00,
CPV-00054,CPN-0031,2,Get Rs 350 OFF above Rs 699,Pay with Paytm at Crumb Theory Bakes and get Rs 350 OFF on bills above Rs 699. Valid till 24 May.,Pay with Paytm to redeem,mock-copywriter-v1,p1.2,APPROVED,,2026-04-26T20:13:00,2026-04-26T23:57:00
CPV-00055,CPN-0032,1,Get 15% OFF (up to Rs 144) above Rs 899,Pay with Paytm at Crumb Theory Bakes and get 15% OFF (up to Rs 144) on bills above Rs 899. Valid till 28 Aug.,Use code at checkout,template-fallback-v1,p1.0,GENERATED,,2026-08-02T12:45:00,
CPV-00056,CPN-0032,2,Get 15% OFF (up to Rs 144) above Rs 899,Pay with Paytm at Crumb Theory Bakes and get 15% OFF (up to Rs 144) on bills above Rs 899. Valid till 28 Aug.,Tap to pay with Paytm,mock-copywriter-v1,p1.1,APPROVED,,2026-08-03T03:45:00,2026-08-03T17:23:00
CPV-00057,CPN-0033,1,Get Rs 250 OFF above Rs 4999,Pay with Paytm at Crumb Theory Bakes and get Rs 250 OFF on bills above Rs 4999. Valid till 4 Mar.,Pay now with Paytm,mock-copywriter-v1,p2.0,VALIDATED,,2026-02-14T03:57:00,
CPV-00058,CPN-0033,2,Get Rs 250 OFF above Rs 4999,Pay with Paytm at Crumb Theory Bakes and get Rs 250 OFF on bills above Rs 4999. Valid till 4 Mar.,Use code at checkout,template-fallback-v1,p2.0,APPROVED,,2026-02-14T17:57:00,2026-02-15T23:27:00
CPV-00059,CPN-0034,1,Get Rs 150 OFF above Rs 1499,Pay with Paytm at Crumb Theory Bakes and get Rs 150 OFF on bills above Rs 1499. Valid till 17 May.,Claim offer in Paytm,mock-copywriter-v1,p1.0,GENERATED,,2026-04-29T17:21:00,
CPV-00060,CPN-0034,2,Get Rs 150 OFF above Rs 1499,Pay with Paytm at Crumb Theory Bakes and get Rs 150 OFF on bills above Rs 1499. Valid till 17 May.,Pay with Paytm to redeem,template-fallback-v1,p1.1,APPROVED,,2026-04-30T08:21:00,2026-05-01T01:08:00
CPV-00061,CPN-0035,1,Get Rs 1700 OFF above Rs 1499,Pay with Paytm at PulseForge Fitness and get Rs 1700 OFF on bills above Rs 1499. Valid till 22 Jun.,Pay with Paytm to redeem,template-fallback-v1,p1.1,GENERATED,,2026-06-03T12:56:00,
CPV-00062,CPN-0035,2,Get Rs 1700 OFF above Rs 1499,Pay with Paytm at PulseForge Fitness and get Rs 1700 OFF on bills above Rs 1499. Valid till 22 Jun.,Pay now with Paytm,template-fallback-v1,p2.0,APPROVED,,2026-06-03T20:56:00,2026-06-04T10:24:00
CPV-00063,CPN-0036,1,Get 25% OFF (up to Rs 1800) above Rs 999,Pay with Paytm at PulseForge Fitness and get 25% OFF (up to Rs 1800) on bills above Rs 999. Valid till 1 Oct.,Tap to pay with Paytm,mock-copywriter-v2,p1.2,VALIDATED,,2026-09-17T11:48:00,
CPV-00064,CPN-0036,2,Get 25% OFF (up to Rs 1800) above Rs 999,Pay with Paytm at PulseForge Fitness and get 25% OFF (up to Rs 1800) on bills above Rs 999. Valid till 1 Oct.,Pay now with Paytm,mock-copywriter-v1,p2.0,APPROVED,,2026-09-17T21:48:00,2026-09-18T17:34:00
CPV-00065,CPN-0037,1,Get Rs 1200 OFF above Rs 1499,Pay with Paytm at PulseForge Fitness and get Rs 1200 OFF on bills above Rs 1499. Valid till 4 Mar.,Pay with Paytm to redeem,mock-copywriter-v2,p1.2,VALIDATED,,2026-02-24T17:19:00,
CPV-00066,CPN-0037,2,Get Rs 1200 OFF above Rs 1499,Pay with Paytm at PulseForge Fitness and get Rs 1200 OFF on bills above Rs 1499. Valid till 4 Mar.,Use code at checkout,mock-copywriter-v1,p1.0,APPROVED,,2026-02-24T22:19:00,2026-02-25T05:50:00
CPV-00067,CPN-0038,1,Get Rs 1700 OFF above Rs 1999,Pay with Paytm at PulseForge Fitness and get Rs 1700 OFF on bills above Rs 1999. Valid till 5 Jul.,Tap to pay with Paytm,mock-copywriter-v2,p1.1,VALIDATED,,2026-06-11T09:33:00,
CPV-00068,CPN-0038,2,Get Rs 1700 OFF above Rs 1999,Pay with Paytm at PulseForge Fitness and get Rs 1700 OFF on bills above Rs 1999. Valid till 5 Jul.,Pay now with Paytm,template-fallback-v1,p1.2,APPROVED,,2026-06-11T12:33:00,2026-06-12T01:29:00
CPV-00069,CPN-0039,1,Get Rs 8500 OFF above Rs 499,Pay with Paytm at VoltCave Electronics and get Rs 8500 OFF on bills above Rs 499. Valid till 31 Jul.,Claim offer in Paytm,mock-copywriter-v1,p1.2,APPROVED,,2026-07-13T13:20:00,2026-07-14T12:20:00
CPV-00070,CPN-0040,1,Get 10% OFF (up to Rs 4000) above Rs 499,Pay with Paytm at VoltCave Electronics and get 10% OFF (up to Rs 4000) on bills above Rs 499. Valid till 23 Jan.,Pay with Paytm to redeem,mock-copywriter-v1,p1.2,APPROVED,,2026-01-02T08:49:00,2026-01-03T09:11:00
CPV-00071,CPN-0041,1,Get Rs 2300 OFF above Rs 999,Pay with Paytm at VoltCave Electronics and get Rs 2300 OFF on bills above Rs 999. Valid till 4 May.,Tap to pay with Paytm,template-fallback-v1,p1.2,GENERATED,,2026-04-02T09:07:00,
CPV-00072,CPN-0041,2,Get Rs 2300 OFF above Rs 999,Pay with Paytm at VoltCave Electronics and get Rs 2300 OFF on bills above Rs 999. Valid till 4 May.,Tap to pay with Paytm,template-fallback-v1,p1.1,APPROVED,,2026-04-02T13:07:00,2026-04-03T15:34:00
CPV-00073,CPN-0042,1,Get 10% OFF (up to Rs 4000) above Rs 2499,Pay with Paytm at VoltCave Electronics and get 10% OFF (up to Rs 4000) on bills above Rs 2499. Valid till 11 Aug.,Use code at checkout,mock-copywriter-v1,p1.2,APPROVED,,2026-07-19T17:46:00,2026-07-20T18:04:00
CPV-00074,CPN-0043,1,Get Rs 1500 OFF above Rs 499,Pay with Paytm at Aura Beauty Lab and get Rs 1500 OFF on bills above Rs 499. Valid till 14 Sep.,Tap to pay with Paytm,template-fallback-v1,p1.0,GENERATED,,2026-08-13T04:03:00,
CPV-00075,CPN-0043,2,Get Rs 1500 OFF above Rs 499,Pay with Paytm at Aura Beauty Lab and get Rs 1500 OFF on bills above Rs 499. Valid till 14 Sep.,Pay with Paytm to redeem,mock-copywriter-v2,p1.1,GENERATED,,2026-08-14T02:03:00,
CPV-00076,CPN-0043,3,Get Rs 1500 OFF above Rs 499,Pay with Paytm at Aura Beauty Lab and get Rs 1500 OFF on bills above Rs 499. Valid till 14 Sep.,Pay with Paytm to redeem,mock-copywriter-v1,p2.0,APPROVED,,2026-08-14T19:03:00,2026-08-15T21:04:00
CPV-00077,CPN-0044,1,Get 10% OFF (up to Rs 640) above Rs 899,Pay with Paytm at Aura Beauty Lab and get 10% OFF (up to Rs 640) on bills above Rs 899. Valid till 23 Feb.,Claim offer in Paytm,mock-copywriter-v2,p2.0,APPROVED,,2026-02-04T13:51:00,2026-02-04T18:07:00
CPV-00078,CPN-0045,1,Get Rs 2300 OFF above Rs 499,Pay with Paytm at Aura Beauty Lab and get Rs 2300 OFF on bills above Rs 499. Valid till 3 Jun.,Pay with Paytm to redeem,mock-copywriter-v1,p1.0,APPROVED,,2026-05-09T06:45:00,2026-05-10T09:14:00
CPV-00079,CPN-0046,1,Get Rs 3000 OFF above Rs 4999,Pay with Paytm at Aura Beauty Lab and get Rs 3000 OFF on bills above Rs 4999. Valid till 17 Aug.,Use code at checkout,mock-copywriter-v1,p2.0,APPROVED,,2026-08-01T09:00:00,2026-08-01T13:42:00
CPV-00080,CPN-0047,1,Get Rs 400 OFF above Rs 499,Pay with Paytm at MediPlus Pharmacy and get Rs 400 OFF on bills above Rs 499. Valid till 23 Sep.,Tap to pay with Paytm,template-fallback-v1,p1.1,VALIDATED,,2026-08-29T10:12:00,
CPV-00081,CPN-0047,2,Get Rs 400 OFF above Rs 499,Pay with Paytm at MediPlus Pharmacy and get Rs 400 OFF on bills above Rs 499. Valid till 23 Sep.,Use code at checkout,mock-copywriter-v2,p1.1,APPROVED,,2026-08-29T15:12:00,2026-08-30T03:51:00
CPV-00082,CPN-0048,1,Get 5% OFF (up to Rs 120) above Rs 1199,Pay with Paytm at MediPlus Pharmacy and get 5% OFF (up to Rs 120) on bills above Rs 1199. Valid till 14 Mar.,Tap to pay with Paytm,template-fallback-v1,p2.0,GENERATED,,2026-03-04T10:29:00,
CPV-00083,CPN-0048,2,Get 5% OFF (up to Rs 120) above Rs 1199,Pay with Paytm at MediPlus Pharmacy and get 5% OFF (up to Rs 120) on bills above Rs 1199. Valid till 14 Mar.,Tap to pay with Paytm,mock-copywriter-v1,p1.1,GENERATED,,2026-03-05T05:29:00,
CPV-00084,CPN-0048,3,Get 5% OFF (up to Rs 120) above Rs 1199,Pay with Paytm at MediPlus Pharmacy and get 5% OFF (up to Rs 120) on bills above Rs 1199. Valid till 14 Mar.,Tap to pay with Paytm,mock-copywriter-v1,p1.2,APPROVED,,2026-03-05T07:29:00,2026-03-05T10:46:00
CPV-00085,CPN-0049,1,Get Rs 500 OFF above Rs 599,Pay with Paytm at MediPlus Pharmacy and get Rs 500 OFF on bills above Rs 599. Valid till 8 Jun.,Claim offer in Paytm,template-fallback-v1,p2.0,VALIDATED,,2026-05-22T13:49:00,
CPV-00086,CPN-0049,2,Get Rs 500 OFF above Rs 599,Pay with Paytm at MediPlus Pharmacy and get Rs 500 OFF on bills above Rs 599. Valid till 8 Jun.,Tap to pay with Paytm,template-fallback-v1,p2.0,APPROVED,,2026-05-23T00:49:00,2026-05-23T18:17:00
CPV-00087,CPN-0050,1,Get Rs 300 OFF above Rs 999,Pay with Paytm at MediPlus Pharmacy and get Rs 300 OFF on bills above Rs 999. Valid till 24 Sep.,Use code at checkout,template-fallback-v1,p2.0,APPROVED,,2026-09-05T10:24:00,2026-09-05T18:19:00
CPV-00088,CPN-0051,1,Get Rs 1400 OFF above Rs 499,Pay with Paytm at PawPal Pet Care and get Rs 1400 OFF on bills above Rs 499. Valid till 2 Feb.,Claim offer in Paytm,template-fallback-v1,p1.0,VALIDATED,,2026-01-05T06:36:00,
CPV-00089,CPN-0051,2,Get Rs 1400 OFF above Rs 499,Pay with Paytm at PawPal Pet Care and get Rs 1400 OFF on bills above Rs 499. Valid till 2 Feb.,Tap to pay with Paytm,mock-copywriter-v2,p1.0,APPROVED,,2026-01-05T22:36:00,2026-01-06T05:13:00
CPV-00090,CPN-0052,1,Get 5% OFF (up to Rs 180) above Rs 499,Pay with Paytm at PawPal Pet Care and get 5% OFF (up to Rs 180) on bills above Rs 499. Valid till 11 May.,Pay with Paytm to redeem,mock-copywriter-v2,p1.1,APPROVED,,2026-04-12T09:11:00,2026-04-12T18:56:00
CPV-00091,CPN-0053,1,Get Rs 1500 OFF above Rs 499,Pay with Paytm at PawPal Pet Care and get Rs 1500 OFF on bills above Rs 499. Valid till 26 Jul.,Claim offer in Paytm,template-fallback-v1,p2.0,GENERATED,,2026-06-26T12:30:00,
CPV-00092,CPN-0053,2,Get Rs 1500 OFF above Rs 499,Pay with Paytm at PawPal Pet Care and get Rs 1500 OFF on bills above Rs 499. Valid till 26 Jul.,Tap to pay with Paytm,template-fallback-v1,p1.0,APPROVED,,2026-06-26T15:30:00,2026-06-27T11:40:00
CPV-00093,CPN-0054,1,Get Rs 1100 OFF above Rs 1199,Pay with Paytm at PawPal Pet Care and get Rs 1100 OFF on bills above Rs 1199. Valid till 29 Jan.,Pay now with Paytm,mock-copywriter-v2,p2.0,APPROVED,,2026-01-15T12:42:00,2026-01-16T06:18:00
CPV-00094,CPN-0055,1,Get Rs 1000 OFF above Rs 999,Pay with Paytm at Chapter One Books and get Rs 1000 OFF on bills above Rs 999. Valid till 1 Mar.,Pay now with Paytm,mock-copywriter-v1,p2.0,APPROVED,,2026-02-08T08:56:00,2026-02-08T15:49:00
CPV-00095,CPN-0056,1,Get 20% OFF (up to Rs 800) above Rs 1499,Pay with Paytm at Chapter One Books and get 20% OFF (up to Rs 800) on bills above Rs 1499. Valid till 18 May.,Use code at checkout,mock-copywriter-v2,p1.0,GENERATED,,2026-04-29T09:44:00,
CPV-00096,CPN-0056,2,Get 20% OFF (up to Rs 800) above Rs 1499,Pay with Paytm at Chapter One Books and get 20% OFF (up to Rs 800) on bills above Rs 1499. Valid till 18 May.,Pay with Paytm to redeem,mock-copywriter-v1,p1.1,APPROVED,,2026-04-30T04:44:00,2026-04-30T08:56:00
CPV-00097,CPN-0057,1,Get Rs 1800 OFF above Rs 200,Pay with Paytm at Chapter One Books and get Rs 1800 OFF on bills above Rs 200. Valid till 2 Sep.,Tap to pay with Paytm,mock-copywriter-v1,p2.0,REJECTED,MINIMUM_SPEND_MISMATCH,2026-08-05T11:16:00,
CPV-00098,CPN-0057,2,Get Rs 1800 OFF above Rs 499,Pay with Paytm at Chapter One Books and get Rs 1800 OFF on bills above Rs 499. Valid till 2 Sep.,Pay with Paytm to redeem,mock-copywriter-v2,p1.1,APPROVED,,2026-08-06T05:16:00,2026-08-06T11:15:00
CPV-00099,CPN-0058,1,Get Rs 1400 OFF above Rs 9999,Pay with Paytm at Chapter One Books and get Rs 1400 OFF on bills above Rs 9999. Valid till 8 Mar.,Use code at checkout,mock-copywriter-v1,p2.0,APPROVED,,2026-02-17T04:39:00,2026-02-17T15:25:00
CPV-00100,CPN-0059,1,Get Rs 350 OFF above Rs 799,Pay with Paytm at Chai & Co Cafe and get Rs 350 OFF on bills above Rs 799. Valid till 24 Mar.,Pay now with Paytm,mock-copywriter-v2,p2.0,GENERATED,,2026-03-17T08:30:00,
CPV-00101,CPN-0059,2,Get Rs 350 OFF above Rs 799,Pay with Paytm at Chai & Co Cafe and get Rs 350 OFF on bills above Rs 799. Valid till 24 Mar.,Claim offer in Paytm,mock-copywriter-v1,p1.0,APPROVED,,2026-03-17T12:30:00,2026-03-18T07:14:00
CPV-00102,CPN-0060,1,Get 10% OFF (up to Rs 76) above Rs 2499,Pay with Paytm at Chai & Co Cafe and get 10% OFF (up to Rs 76) on bills above Rs 2499. Valid till 29 Jun.,Pay now with Paytm,mock-copywriter-v2,p1.1,GENERATED,,2026-06-03T16:00:00,
CPV-00103,CPN-0060,2,Get 10% OFF (up to Rs 76) above Rs 2499,Pay with Paytm at Chai & Co Cafe and get 10% OFF (up to Rs 76) on bills above Rs 2499. Valid till 29 Jun.,Pay with Paytm to redeem,template-fallback-v1,p1.2,GENERATED,,2026-06-04T07:00:00,
CPV-00104,CPN-0060,3,Get 10% OFF (up to Rs 76) above Rs 2499,Pay with Paytm at Chai & Co Cafe and get 10% OFF (up to Rs 76) on bills above Rs 2499. Valid till 29 Jun.,Claim offer in Paytm,mock-copywriter-v2,p2.0,APPROVED,,2026-06-05T05:00:00,2026-06-05T14:50:00
CPV-00105,CPN-0061,1,Get Rs 300 OFF above Rs 1499,Pay with Paytm at Chai & Co Cafe and get Rs 300 OFF on bills above Rs 1499. Valid till 13 Oct.,Pay now with Paytm,template-fallback-v1,p1.0,GENERATED,,2026-09-11T03:51:00,
CPV-00106,CPN-0061,2,Get Rs 300 OFF above Rs 1499,Pay with Paytm at Chai & Co Cafe and get Rs 300 OFF on bills above Rs 1499. Valid till 13 Oct.,Use code at checkout,template-fallback-v1,p1.2,APPROVED,,2026-09-12T01:51:00,2026-09-13T05:27:00
CPV-00107,CPN-0062,1,Get Rs 100 OFF above Rs 999,Pay with Paytm at Chai & Co Cafe and get Rs 100 OFF on bills above Rs 999. Valid till 17 Mar.,Tap to pay with Paytm,mock-copywriter-v1,p1.2,GENERATED,,2026-02-24T08:24:00,
CPV-00108,CPN-0062,2,Get Rs 100 OFF above Rs 999,Pay with Paytm at Chai & Co Cafe and get Rs 100 OFF on bills above Rs 999. Valid till 17 Mar.,Pay now with Paytm,mock-copywriter-v2,p1.2,APPROVED,,2026-02-25T10:24:00,2026-02-26T14:08:00
CPV-00109,CPN-0063,1,Get Rs 1200 OFF above Rs 999,Pay with Paytm at Tandoori Nights and get Rs 1200 OFF on bills above Rs 999. Valid till 25 Apr.,Use code at checkout,template-fallback-v1,p2.0,VALIDATED,,2026-03-29T06:55:00,
CPV-00110,CPN-0063,2,Get Rs 1200 OFF above Rs 999,Pay with Paytm at Tandoori Nights and get Rs 1200 OFF on bills above Rs 999. Valid till 25 Apr.,Claim offer in Paytm,template-fallback-v1,p1.2,GENERATED,,2026-03-29T20:55:00,
CPV-00111,CPN-0063,3,Get Rs 1200 OFF above Rs 999,Pay with Paytm at Tandoori Nights and get Rs 1200 OFF on bills above Rs 999. Valid till 25 Apr.,Claim offer in Paytm,mock-copywriter-v2,p1.2,APPROVED,,2026-03-30T12:55:00,2026-03-31T12:07:00
CPV-00112,CPN-0064,1,Get 5% OFF (up to Rs 140) above Rs 599,Pay with Paytm at Tandoori Nights and get 5% OFF (up to Rs 140) on bills above Rs 599. Valid till 30 Jul.,Pay with Paytm to redeem,template-fallback-v1,p1.0,VALIDATED,,2026-07-14T13:18:00,
CPV-00113,CPN-0064,2,Get 5% OFF (up to Rs 140) above Rs 599,Pay with Paytm at Tandoori Nights and get 5% OFF (up to Rs 140) on bills above Rs 599. Valid till 30 Jul.,Tap to pay with Paytm,mock-copywriter-v1,p1.2,APPROVED,,2026-07-15T07:18:00,2026-07-16T02:16:00
CPV-00114,CPN-0065,1,Get Rs 1200 OFF above Rs 2499,Pay with Paytm at Tandoori Nights and get Rs 1200 OFF on bills above Rs 2499. Valid till 10 Jan.,Pay with Paytm to redeem,template-fallback-v1,p1.2,GENERATED,,2026-01-02T08:23:00,
CPV-00115,CPN-0065,2,Get Rs 1200 OFF above Rs 2499,Pay with Paytm at Tandoori Nights and get Rs 1200 OFF on bills above Rs 2499. Valid till 10 Jan.,Pay now with Paytm,mock-copywriter-v1,p1.0,APPROVED,,2026-01-03T03:23:00,2026-01-04T09:20:00
CPV-00116,CPN-0066,1,Get Rs 4700 OFF above Rs 799,Pay with Paytm at StyleMint Boutique and get Rs 4700 OFF on bills above Rs 799. Valid till 28 May.,Pay now with Paytm,mock-copywriter-v1,p1.0,GENERATED,,2026-05-05T09:18:00,
CPV-00117,CPN-0066,2,Get Rs 4700 OFF above Rs 799,Pay with Paytm at StyleMint Boutique and get Rs 4700 OFF on bills above Rs 799. Valid till 28 May.,Pay with Paytm to redeem,mock-copywriter-v1,p2.0,APPROVED,,2026-05-05T17:18:00,2026-05-06T10:29:00
CPV-00118,CPN-0067,1,"Unlimited cashback, every single visit","Pay with Paytm at StyleMint Boutique and receive guaranteed cashback of Rs 9250 on every single payment, forever.",Use code at checkout,template-fallback-v1,p1.0,REJECTED,UNSUPPORTED_CLAIM,2026-08-14T08:13:00,
CPV-00119,CPN-0067,2,Get Rs 4600 OFF above Rs 999,Pay with Paytm at StyleMint Boutique and get Rs 4600 OFF on bills above Rs 999. Valid till 8 Sep.,Pay now with Paytm,mock-copywriter-v2,p1.0,GENERATED,,2026-08-14T22:13:00,
CPV-00120,CPN-0067,3,Get Rs 4600 OFF above Rs 999,Pay with Paytm at StyleMint Boutique and get Rs 4600 OFF on bills above Rs 999. Valid till 8 Sep.,Pay with Paytm to redeem,mock-copywriter-v1,p1.0,APPROVED,,2026-08-15T15:13:00,2026-08-16T02:42:00
CPV-00121,CPN-0068,1,Get 5% OFF (up to Rs 480) above Rs 599,Pay with Paytm at StyleMint Boutique and get 5% OFF (up to Rs 480) on bills above Rs 599. Valid till 17 Feb.,Pay with Paytm to redeem,mock-copywriter-v2,p1.0,GENERATED,,2026-02-04T15:16:00,
CPV-00122,CPN-0068,2,Get 5% OFF (up to Rs 480) above Rs 599,Pay with Paytm at StyleMint Boutique and get 5% OFF (up to Rs 480) on bills above Rs 599. Valid till 17 Feb.,Pay with Paytm to redeem,mock-copywriter-v1,p1.0,APPROVED,,2026-02-05T03:16:00,2026-02-05T08:31:00
CPV-00123,CPN-0069,1,Get Rs 700 OFF above Rs 2499,Pay with Paytm at FreshKart Supermarket and get Rs 700 OFF on bills above Rs 2499. Valid till 12 Jul.,Pay with Paytm to redeem,mock-copywriter-v2,p1.2,APPROVED,,2026-06-14T06:55:00,2026-06-14T20:39:00
CPV-00124,CPN-0070,1,Get Rs 600 OFF above Rs 799,Pay with Paytm at FreshKart Supermarket and get Rs 600 OFF on bills above Rs 799. Valid till 4 Sep.,Claim offer in Paytm,mock-copywriter-v2,p1.0,APPROVED,,2026-09-02T13:24:00,2026-09-02T19:20:00
CPV-00125,CPN-0071,1,Get Rs 800 OFF above Rs 1499,Pay with Paytm at FreshKart Supermarket and get Rs 800 OFF on bills above Rs 1499. Valid till 29 Mar.,Pay now with Paytm,mock-copywriter-v2,p1.0,VALIDATED,,2026-03-12T03:23:00,
CPV-00126,CPN-0071,2,Get Rs 800 OFF above Rs 1499,Pay with Paytm at FreshKart Supermarket and get Rs 800 OFF on bills above Rs 1499. Valid till 29 Mar.,Tap to pay with Paytm,template-fallback-v1,p1.2,VALIDATED,,2026-03-12T18:23:00,
CPV-00127,CPN-0071,3,Get Rs 800 OFF above Rs 1499,Pay with Paytm at FreshKart Supermarket and get Rs 800 OFF on bills above Rs 1499. Valid till 29 Mar.,Pay with Paytm to redeem,mock-copywriter-v1,p1.2,APPROVED,,2026-03-13T14:23:00,2026-03-14T14:00:00
CPV-00128,CPN-0072,1,Get 25% OFF (up to Rs 190) above Rs 699,Pay with Paytm at Urban Grind Coffee and get 25% OFF (up to Rs 190) on bills above Rs 699. Valid till 14 Jul.,Use code at checkout,mock-copywriter-v2,p2.0,APPROVED,,2026-06-27T09:05:00,2026-06-27T13:06:00
CPV-00129,CPN-0073,1,Get Rs 100 OFF above Rs 499,Pay with Paytm at Urban Grind Coffee and get Rs 100 OFF on bills above Rs 499. Valid till 3 Feb.,Use code at checkout,mock-copywriter-v1,p2.0,APPROVED,,2026-01-09T10:02:00,2026-01-10T00:30:00
CPV-00130,CPN-0074,1,Get Rs 100 OFF above Rs 699,Pay with Paytm at Urban Grind Coffee and get Rs 100 OFF on bills above Rs 699. Valid till 8 May.,Claim offer in Paytm,template-fallback-v1,p1.0,GENERATED,,2026-04-13T10:42:00,
CPV-00131,CPN-0074,2,Get Rs 100 OFF above Rs 699,Pay with Paytm at Urban Grind Coffee and get Rs 100 OFF on bills above Rs 699. Valid till 8 May.,Pay now with Paytm,mock-copywriter-v1,p1.1,APPROVED,,2026-04-13T16:42:00,2026-04-14T00:51:00
CPV-00132,CPN-0075,1,Get Rs 400 OFF above Rs 799,Pay with Paytm at Curry Leaf Kitchen and get Rs 400 OFF on bills above Rs 799. Valid till 21 Aug.,Claim offer in Paytm,template-fallback-v1,p2.0,VALIDATED,,2026-08-04T04:32:00,
CPV-00133,CPN-0075,2,Get Rs 400 OFF above Rs 799,Pay with Paytm at Curry Leaf Kitchen and get Rs 400 OFF on bills above Rs 799. Valid till 21 Aug.,Use code at checkout,mock-copywriter-v1,p1.0,GENERATED,,2026-08-04T22:32:00,
CPV-00134,CPN-0075,3,Get Rs 400 OFF above Rs 799,Pay with Paytm at Curry Leaf Kitchen and get Rs 400 OFF on bills above Rs 799. Valid till 21 Aug.,Pay with Paytm to redeem,template-fallback-v1,p1.0,APPROVED,,2026-08-05T23:32:00,2026-08-06T09:12:00
CPV-00135,CPN-0076,1,Get 10% OFF (up to Rs 280) above Rs 4999,Pay with Paytm at Curry Leaf Kitchen and get 10% OFF (up to Rs 280) on bills above Rs 4999. Valid till 2 Mar.,Use code at checkout,template-fallback-v1,p1.2,APPROVED,,2026-02-14T12:35:00,2026-02-15T06:53:00
CPV-00136,CPN-0077,1,Get Rs 400 OFF above Rs 499,Pay with Paytm at Curry Leaf Kitchen and get Rs 400 OFF on bills above Rs 499. Valid till 23 May.,Pay with Paytm to redeem,mock-copywriter-v1,p2.0,GENERATED,,2026-04-26T08:47:00,
CPV-00137,CPN-0077,2,Get Rs 400 OFF above Rs 499,Pay with Paytm at Curry Leaf Kitchen and get Rs 400 OFF on bills above Rs 499. Valid till 23 May.,Pay with Paytm to redeem,mock-copywriter-v1,p1.2,APPROVED,,2026-04-27T01:47:00,2026-04-27T23:05:00
