customer_id,customer_reference,city,created_at,status,status_changed_at,signup_channel
CUS-000001,CREF-FW3ACPQEN,Ahmedabad,2025-09-20T19:49:00,ACTIVE,,LOYALTY_PROGRAM
CUS-000002,CREF-DY2W5NYM3,Kolkata,2025-02-16T15:52:00,ACTIVE,,REFERRAL
CUS-000003,CREF-A2L3YQYNS,Bengaluru,2025-04-27T17:22:00,ACTIVE,,REFERRAL
CUS-000004,CREF-ANB2SVCZK,Jaipur,2025-07-06T10:42:00,ACTIVE,,ORGANIC
CUS-000005,CREF-KKSE3W72J,Hyderabad,2025-10-08T14:10:00,ACTIVE,,ORGANIC
CUS-000006,CREF-7XYEDMFF8,Mumbai,2025-11-18T08:57:00,ACTIVE,,ORGANIC
CUS-000007,CREF-2H8SJSBNV,Chennai,2025-03-06T20:00:00,ACTIVE,,REACTIVATION_CAMPAIGN
CUS-000008,CREF-KWDYNLPZW,Ahmedabad,2025-01-04T17:17:00,ACTIVE,,LOYALTY_PROGRAM
CUS-000009,CREF-6R62ZYP8H,Ahmedabad,2025-01-01T21:02:00,ACTIVE,,ORGANIC
CUS-000010,CREF-KMVBUH55E,Delhi,2025-04-01T21:34:00,ACTIVE,,ONBOARDING_PARTNER
CUS-000011,CREF-KL762MMEZ,Kolkata,2025-05-02T14:12:00,ACTIVE,,LOYALTY_PROGRAM
CUS-000012,CREF-LB78SAZA6,Delhi,2025-03-13T14:40:00,ACTIVE,,REACTIVATION_CAMPAIGN
CUS-000013,CREF-M74DDGBJE,Hyderabad,2024-11-18T14:39:00,ACTIVE,,ORGANIC
CUS-000014,CREF-GYBWV9G24,Pune,2025-07-25T17:07:00,ACTIVE,,ONBOARDING_PARTNER
CUS-000015,CREF-PX73D9SUW,Hyderabad,2024-11-26T13:32:00,ACTIVE,,REFERRAL
CUS-000016,CREF-VFXCMQQQ8,Hyderabad,2025-02-25T13:00:00,ACTIVE,,ONBOARDING_PARTNER
CUS-000017,CREF-3RCUP7QJ7,Jaipur,2025-04-12T10:42:00,ACTIVE,,ONBOARDING_PARTNER
CUS-000018,CREF-YDAP7V8J3,Pune,2025-11-29T09:37:00,ACTIVE,,ORGANIC
CUS-000019,CREF-UJAAVXSSM,Hyderabad,2024-11-10T15:00:00,ACTIVE,,ORGANIC
CUS-000020,CREF-C6HJALCG5,Delhi,2025-09-24T13:37:00,ACTIVE,,ORGANIC
CUS-000021,CREF-NAFPDWM6G,Delhi,2025-09-02T17:09:00,ACTIVE,,PAID_AD
CUS-000022,CREF-JFJTLQPQY,Delhi,2024-11-17T16:06:00,ACTIVE,,PAID_AD
CUS-000023,CREF-J7SST2FCU,Jaipur,2025-02-27T17:13:00,ACTIVE,,ORGANIC
CUS-000024,CREF-5X35PX8H5,Kolkata,2025-09-01T20:02:00,ACTIVE,,ORGANIC
CUS-000025,CREF-YHARTN7ZJ,Chennai,2025-09-20T20:46:00,ACTIVE,,ONBOARDING_PARTNER
CUS-000026,CREF-ACRGCGWA6,Bengaluru,2025-07-02T21:31:00,ACTIVE,,ORGANIC
CUS-000027,CREF-QTQUG5HJ8,Chennai,2025-04-09T20:38:00,ACTIVE,,ORGANIC
CUS-000028,CREF-KTVUZSG66,Ahmedabad,2025-09-08T11:45:00,ACTIVE,,REFERRAL
CUS-000029,CREF-J3FSYEBZ2,Ahmedabad,2025-10-05T13:39:00,ACTIVE,,ORGANIC
CUS-000030,CREF-9FR3YKT6T,Kolkata,2025-05-31T08:07:00,ACTIVE,,ORGANIC
CUS-000031,CREF-NS8HZ6J8B,Ahmedabad,2025-05-16T19:47:00,ACTIVE,,ORGANIC
CUS-000032,CREF-VDQXHBQGU,Hyderabad,2025-07-11T17:40:00,ACTIVE,,REFERRAL
CUS-000033,CREF-M8KH6W8RY,Bengaluru,2025-01-24T14:31:00,ACTIVE,,PAID_AD
CUS-000034,CREF-FTRQR38SN,Mumbai,2024-11-07T19:17:00,ACTIVE,,ORGANIC
CUS-000035,CREF-MPE3NJAKZ,Ahmedabad,2025-07-03T18:07:00,ACTIVE,,PAID_AD
CUS-000036,CREF-26JNFB562,Chennai,2025-05-28T14:16:00,ACTIVE,,REFERRAL
CUS-000037,CREF-2DGDZRAJE,Hyderabad,2025-02-09T10:43:00,INACTIVE,2026-06-20T19:35:21,LOYALTY_PROGRAM
CUS-000038,CREF-DCH63U3UD,Mumbai,2025-05-22T17:03:00,ACTIVE,,ORGANIC
CUS-000039,CREF-MUZ7VC5HH,Kolkata,2025-08-19T13:28:00,ACTIVE,,ONBOARDING_PARTNER
CUS-000040,CREF-J24FGQLYD,Mumbai,2025-07-09T10:47:00,ACTIVE,,REFERRAL
CUS-000041,CREF-MZWTENVUP,Kolkata,2025-04-21T17:13:00,ACTIVE,,ORGANIC
CUS-000042,CREF-ANFVX42R4,Mumbai,2025-07-30T11:01:00,ACTIVE,,REFERRAL
CUS-000043,CREF-A6YUPTK4J,Ahmedabad,2024-12-02T21:45:00,ACTIVE,,PAID_AD
CUS-000044,CREF-CZ7UTJUK4,Delhi,2025-10-19T17:51:00,ACTIVE,,ORGANIC
CUS-000045,CREF-C4SA26U35,Pune,2025-05-02T17:50:00,ACTIVE,,PAID_AD
CUS-000046,CREF-FR4PFRT4H,Mumbai,2025-08-19T17:33:00,INACTIVE,2026-09-30T12:00:00,REFERRAL
CUS-000047,CREF-K4N69XYU2,Kolkata,2025-01-16T11:49:00,ACTIVE,,REFERRAL
CUS-000048,CREF-BQBNPWXY2,Chennai,2025-05-02T11:28:00,ACTIVE,,PAID_AD
CUS-000049,CREF-AHZJA26L9,Mumbai,2025-11-14T10:45:00,ACTIVE,,REFERRAL
CUS-000050,CREF-XQNCK4NW3,Hyderabad,2025-04-11T21:26:00,INACTIVE,2026-09-22T11:31:56,ORGANIC
CUS-000051,CREF-PVJXJDWUL,Kolkata,2025-03-02T13:27:00,ACTIVE,,PAID_AD
CUS-000052,CREF-X8EUX9NVX,Delhi,2025-01-10T10:22:00,ACTIVE,,ORGANIC
CUS-000053,CREF-AKZMPECT6,Mumbai,2025-11-01T12:53:00,ACTIVE,,ORGANIC
CUS-000054,CREF-SX5K28XBD,Kolkata,2025-08-10T14:23:00,ACTIVE,,ORGANIC
CUS-000055,CREF-RJMVFFQNM,Ahmedabad,2025-07-09T15:15:00,ACTIVE,,LOYALTY_PROGRAM
CUS-000056,CREF-NAUYZ69UB,Chennai,2025-05-20T09:32:00,ACTIVE,,PAID_AD
CUS-000057,CREF-6EZZJ6P75,Kolkata,2025-03-15T21:45:00,ACTIVE,,REFERRAL
CUS-000058,CREF-B4CVC7J79,Ahmedabad,2025-06-20T13:01:00,ACTIVE,,LOYALTY_PROGRAM
CUS-000059,CREF-C5YJPESVM,Chennai,2025-07-09T13:52:00,ACTIVE,,PAID_AD
CUS-000060,CREF-P2CQ9GZWL,Chennai,2025-08-12T19:30:00,ACTIVE,,REFERRAL
CUS-000061,CREF-UQYXE8WF8,Kolkata,2025-09-18T14:20:00,ACTIVE,,LOYALTY_PROGRAM
CUS-000062,CREF-23LWP8GT6,Chennai,2025-04-25T11:49:00,ACTIVE,,PAID_AD
CUS-000063,CREF-7PJP2V83B,Mumbai,2025-08-06T15:35:00,ACTIVE,,LOYALTY_PROGRAM
CUS-000064,CREF-ZKL7E4ZLX,Mumbai,2025-06-28T16:40:00,ACTIVE,,ORGANIC
CUS-000065,CREF-JR7HQ83MU,Ahmedabad,2025-07-31T16:13:00,ACTIVE,,LOYALTY_PROGRAM
CUS-000066,CREF-PKGX7BLXN,Delhi,2024-11-21T14:35:00,ACTIVE,,PAID_AD
CUS-000067,CREF-KD5QJH8XH,Pune,2025-05-26T15:56:00,ACTIVE,,ORGANIC
CUS-000068,CREF-8E4QN7Y5U,Jaipur,2024-12-27T13:21:00,ACTIVE,,LOYALTY_PROGRAM
CUS-000069,CREF-X9XV5VBE2,Ahmedabad,2025-06-29T13:36:00,ACTIVE,,REFERRAL
CUS-000070,CREF-G89VVKTZW,Mumbai,2025-09-13T12:03:00,ACTIVE,,ORGANIC
CUS-000071,CREF-R2MKNXN9K,Jaipur,2025-08-22T14:08:00,ACTIVE,,LOYALTY_PROGRAM
CUS-000072,CREF-YDV7Y3ZH4,Delhi,2025-02-15T12:47:00,ACTIVE,,PAID_AD
CUS-000073,CREF-G4WBE3VXB,Kolkata,2024-11-22T14:00:00,ACTIVE,,REFERRAL
CUS-000074,CREF-XHP688H8M,Kolkata,2025-02-23T19:47:00,ACTIVE,,REFERRAL
CUS-000075,CREF-K8G6GSGAN,Mumbai,2025-06-01T17:31:00,ACTIVE,,REFERRAL
CUS-000076,CREF-CNSUKPMKT,Ahmedabad,2025-10-05T14:13:00,ACTIVE,,ORGANIC
CUS-000077,CREF-J5NSE7GA5,Pune,2025-01-26T13:23:00,ACTIVE,,ONBOARDING_PARTNER
CUS-000078,CREF-E7M9LWCVC,Jaipur,2025-05-22T09:15:00,ACTIVE,,REACTIVATION_CAMPAIGN
CUS-000079,CREF-S9UZU6GZU,Bengaluru,2025-07-03T14:50:00,ACTIVE,,LOYALTY_PROGRAM
CUS-000080,CREF-YVT8LCWVZ,Delhi,2024-11-12T13:56:00,ACTIVE,,ORGANIC
CUS-000081,CREF-8PN2QKU8R,Kolkata,2024-11-07T17:54:00,INACTIVE,2026-09-30T12:00:00,REFERRAL
CUS-000082,CREF-W2YDXQA87,Pune,2025-08-21T08:01:00,ACTIVE,,REFERRAL
CUS-000083,CREF-JTMDKAEF5,Delhi,2025-05-16T19:01:00,ACTIVE,,LOYALTY_PROGRAM
CUS-000084,CREF-5MB5SAYP2,Kolkata,2025-05-11T21:54:00,ACTIVE,,REACTIVATION_CAMPAIGN
CUS-000085,CREF-8E285KVEJ,Delhi,2024-12-06T18:21:00,ACTIVE,,REFERRAL
CUS-000086,CREF-8AWV8DBMQ,Chennai,2025-02-12T18:10:00,ACTIVE,,ORGANIC
CUS-000087,CREF-6SWQA26XK,Delhi,2024-12-19T14:28:00,ACTIVE,,PAID_AD
CUS-000088,CREF-XLVCQ45TG,Bengaluru,2025-04-21T14:12:00,ACTIVE,,REACTIVATION_CAMPAIGN
CUS-000089,CREF-Y8SKKJCMB,Bengaluru,2025-07-17T11:43:00,ACTIVE,,ORGANIC
CUS-000090,CREF-EC779F3DG,Delhi,2025-06-30T18:25:00,ACTIVE,,ORGANIC
CUS-000091,CREF-8H3QSB22W,Delhi,2025-08-10T19:33:00,ACTIVE,,PAID_AD
CUS-000092,CREF-WSEKUEMZP,Mumbai,2025-10-08T16:09:00,ACTIVE,,ORGANIC
CUS-000093,CREF-Q6UBG6HTV,Mumbai,2025-05-05T09:19:00,ACTIVE,,ONBOARDING_PARTNER
CUS-000094,CREF-WZ83SWPCY,Mumbai,2025-06-01T13:10:00,ACTIVE,,PAID_AD
CUS-000095,CREF-9KJMT4HYJ,Ahmedabad,2025-04-17T13:05:00,ACTIVE,,REACTIVATION_CAMPAIGN
CUS-000096,CREF-Y7N2XNPC8,Kolkata,2025-04-06T21:48:00,ACTIVE,,REACTIVATION_CAMPAIGN
CUS-000097,CREF-J2P3CTHMX,Chennai,2025-03-16T08:56:00,ACTIVE,,PAID_AD
CUS-000098,CREF-6T8ZA3UFP,Ahmedabad,2025-11-24T20:25:00,ACTIVE,,REFERRAL
CUS-000099,CREF-Y3FJ5WYWX,Pune,2025-04-14T09:28:00,ACTIVE,,ONBOARDING_PARTNER
CUS-000100,CREF-7JPMT5J5T,Mumbai,2024-12-20T14:49:00,ACTIVE,,ORGANIC
CUS-000101,CREF-Q37N2LPGM,Ahmedabad,2025-07-22T16:50:00,ACTIVE,,REACTIVATION_CAMPAIGN
CUS-000102,CREF-58Q75Q3WZ,Hyderabad,2025-11-18T10:50:00,ACTIVE,,ORGANIC
CUS-000103,CREF-KY5F3FRWC,Jaipur,2024-12-15T17:22:00,ACTIVE,,PAID_AD
CUS-000104,CREF-ZKX5RNJLG,Chennai,2025-11-05T09:54:00,ACTIVE,,REFERRAL
CUS-000105,CREF-X8HRWLJME,Bengaluru,2025-01-29T12:47:00,ACTIVE,,ORGANIC
CUS-000106,CREF-47XKQJAK6,Delhi,2025-08-26T16:02:00,ACTIVE,,PAID_AD
CUS-000107,CREF-SV9U32PKG,Delhi,2025-04-30T21:42:00,ACTIVE,,REACTIVATION_CAMPAIGN
CUS-000108,CREF-FZLWMT9LF,Kolkata,2025-05-28T12:48:00,ACTIVE,,REFERRAL
CUS-000109,CREF-H3RJ2R7B8,Pune,2025-08-03T12:28:00,ACTIVE,,ONBOARDING_PARTNER
CUS-000110,CREF-NSLWM438S,Pune,2025-11-20T09:50:00,ACTIVE,,PAID_AD
CUS-000111,CREF-92EY68RF7,Ahmedabad,2025-11-07T08:31:00,ACTIVE,,ONBOARDING_PARTNER
CUS-000112,CREF-Z9L7Y47WT,Delhi,2025-11-10T11:16:00,INACTIVE,2026-06-24T17:03:39,REFERRAL
CUS-000113,CREF-YL86ASW5L,Delhi,2025-11-13T17:50:00,ACTIVE,,PAID_AD
CUS-000114,CREF-739DQLN4V,Jaipur,2025-05-19T21:47:00,ACTIVE,,REFERRAL
CUS-000115,CREF-YZVJFGARF,Delhi,2025-04-26T10:58:00,ACTIVE,,LOYALTY_PROGRAM
CUS-000116,CREF-4A4E2W4RG,Delhi,2025-06-01T18:38:00,ACTIVE,,ORGANIC
CUS-000117,CREF-X4NZ68VD7,Kolkata,2025-11-02T18:12:00,ACTIVE,,ORGANIC
CUS-000118,CREF-D5C4JEVKJ,Delhi,2025-03-02T11:26:00,ACTIVE,,ORGANIC
CUS-000119,CREF-7TRZ5SW78,Jaipur,2025-06-07T14:26:00,ACTIVE,,REFERRAL
CUS-000120,CREF-SCTN8BT79,Hyderabad,2025-05-28T16:36:00,ACTIVE,,ORGANIC
CUS-000121,CREF-P8833JX2Q,Jaipur,2025-08-30T21:49:00,ACTIVE,,PAID_AD
CUS-000122,CREF-WVZNG8HQV,Hyderabad,2025-11-16T21:58:00,ACTIVE,,REACTIVATION_CAMPAIGN
CUS-000123,CREF-CD5QCCD9A,Chennai,2024-12-23T17:24:00,ACTIVE,,PAID_AD
CUS-000124,CREF-4XZ466QQL,Delhi,2025-06-12T08:50:00,ACTIVE,,REACTIVATION_CAMPAIGN
CUS-000125,CREF-9RL3WAVAA,Delhi,2025-10-27T20:09:00,ACTIVE,,PAID_AD
CUS-000126,CREF-6QEMZAKQW,Chennai,2025-05-06T11:11:00,ACTIVE,,ORGANIC
CUS-000127,CREF-X57G6A5WZ,Jaipur,2025-09-13T16:14:00,ACTIVE,,ORGANIC
CUS-000128,CREF-XWZNCC68L,Ahmedabad,2025-11-12T09:30:00,ACTIVE,,REACTIVATION_CAMPAIGN
CUS-000129,CREF-KGX293PRT,Mumbai,2025-04-10T09:58:00,ACTIVE,,ORGANIC
CUS-000130,CREF-8MMFWU7ZC,Pune,2025-09-22T21:54:00,ACTIVE,,ORGANIC
CUS-000131,CREF-2ECKLBX6S,Ahmedabad,2025-04-10T16:27:00,ACTIVE,,ONBOARDING_PARTNER
CUS-000132,CREF-4YVKGU4TA,Mumbai,2025-02-03T13:41:00,ACTIVE,,PAID_AD
CUS-000133,CREF-UV2L2RNJF,Jaipur,2025-05-28T20:29:00,ACTIVE,,REFERRAL
CUS-000134,CREF-Q588BWWX3,Pune,2025-05-21T18:47:00,ACTIVE,,ORGANIC
CUS-000135,CREF-STQJNSLAV,Jaipur,2025-04-17T20:06:00,ACTIVE,,LOYALTY_PROGRAM
CUS-000136,CREF-2PPXGEJLD,Jaipur,2025-01-20T16:42:00,ACTIVE,,LOYALTY_PROGRAM
CUS-000137,CREF-ZX3EAN9NP,Mumbai,2025-07-28T19:22:00,ACTIVE,,REACTIVATION_CAMPAIGN
CUS-000138,CREF-XEJXN82AS,Pune,2025-04-07T09:42:00,ACTIVE,,REFERRAL
CUS-000139,CREF-5GZSS7SMW,Pune,2025-06-01T13:30:00,ACTIVE,,LOYALTY_PROGRAM
CUS-000140,CREF-K72PHDV3Z,Mumbai,2025-07-02T14:56:00,ACTIVE,,PAID_AD
CUS-000141,CREF-XZX3WPRSW,Delhi,2025-04-28T15:57:00,INACTIVE,2026-06-16T01:02:09,ONBOARDING_PARTNER
CUS-000142,CREF-9PTANDFWE,Pune,2025-03-26T21:34:00,ACTIVE,,REACTIVATION_CAMPAIGN
CUS-000143,CREF-DEJ8D3PE4,Hyderabad,2025-06-22T16:06:00,ACTIVE,,ORGANIC
CUS-000144,CREF-8R7HWY3EN,Chennai,2024-12-03T12:49:00,ACTIVE,,LOYALTY_PROGRAM
CUS-000145,CREF-57G3ZQNPX,Hyderabad,2025-03-15T15:05:00,ACTIVE,,ORGANIC
CUS-000146,CREF-SLRSS5NBD,Mumbai,2025-06-05T09:29:00,ACTIVE,,ORGANIC
CUS-000147,CREF-LUYA4FM6B,Mumbai,2025-04-01T20:32:00,ACTIVE,,REFERRAL
CUS-000148,CREF-UT2GBXVTN,Mumbai,2025-08-14T11:27:00,ACTIVE,,ONBOARDING_PARTNER
CUS-000149,CREF-PLN9Q6MW9,Jaipur,2025-02-01T16:46:00,ACTIVE,,ORGANIC
CUS-000150,CREF-QJCCVLBG8,Ahmedabad,2025-11-21T09:43:00,ACTIVE,,ORGANIC
CUS-000151,CREF-A7ZT5SQ94,Ahmedabad,2025-01-27T13:17:00,INACTIVE,2026-06-27T02:13:50,ORGANIC
CUS-000152,CREF-BVQWL3EKY,Delhi,2025-08-21T21:23:00,ACTIVE,,PAID_AD
CUS-000153,CREF-DBYCKW7SD,Hyderabad,2025-08-08T20:03:00,ACTIVE,,ORGANIC
CUS-000154,CREF-JQLJ7USM7,Mumbai,2024-11-20T16:03:00,ACTIVE,,ORGANIC
CUS-000155,CREF-WLVWCR7EF,Ahmedabad,2025-05-30T14:50:00,INACTIVE,2026-06-01T05:35:46,LOYALTY_PROGRAM
CUS-000156,CREF-XX7ZL9LUU,Mumbai,2025-05-31T10:55:00,ACTIVE,,REACTIVATION_CAMPAIGN
CUS-000157,CREF-4WNRBZ5QQ,Chennai,2025-04-19T15:23:00,ACTIVE,,LOYALTY_PROGRAM
CUS-000158,CREF-SCAMEH4GR,Jaipur,2025-03-19T08:42:00,ACTIVE,,REACTIVATION_CAMPAIGN
CUS-000159,CREF-ZGD35HC8K,Mumbai,2025-12-07T15:05:00,ACTIVE,,ORGANIC
CUS-000160,CREF-T27WVE5W6,Ahmedabad,2025-02-28T21:10:00,ACTIVE,,ORGANIC
CUS-000161,CREF-SL5NRXN6T,Kolkata,2025-06-11T08:26:00,ACTIVE,,REFERRAL
CUS-000162,CREF-SJHFZWK5J,Mumbai,2025-09-02T10:13:00,ACTIVE,,ONBOARDING_PARTNER
CUS-000163,CREF-9YJ5CRGPM,Pune,2025-12-07T13:24:00,ACTIVE,,LOYALTY_PROGRAM
CUS-000164,CREF-XD6CXYFYU,Kolkata,2025-05-23T13:55:00,ACTIVE,,ORGANIC
CUS-000165,CREF-H422FK3WN,Delhi,2025-10-15T10:37:00,ACTIVE,,ORGANIC
CUS-000166,CREF-SSLHZ3QM5,Mumbai,2025-05-10T17:21:00,ACTIVE,,PAID_AD
CUS-000167,CREF-Y2BKQ2PKF,Mumbai,2024-11-30T18:28:00,ACTIVE,,PAID_AD
CUS-000168,CREF-ZWPD2KTHW,Pune,2025-10-16T21:48:00,ACTIVE,,ORGANIC
CUS-000169,CREF-8LFX3NA7G,Jaipur,2024-11-10T08:16:00,ACTIVE,,ORGANIC
CUS-000170,CREF-ZCFDVMF9Q,Ahmedabad,2025-05-24T15:19:00,ACTIVE,,ONBOARDING_PARTNER
CUS-000171,CREF-8LLM5GTXU,Jaipur,2024-12-28T11:26:00,ACTIVE,,ORGANIC
CUS-000172,CREF-UTWYL7JV8,Hyderabad,2025-05-10T19:59:00,INACTIVE,2026-07-03T14:42:05,PAID_AD
CUS-000173,CREF-F9V97CSHK,Jaipur,2024-12-02T13:20:00,ACTIVE,,ORGANIC
CUS-000174,CREF-Q7G3AQRXP,Mumbai,2025-02-17T08:16:00,ACTIVE,,ONBOARDING_PARTNER
CUS-000175,CREF-ZAMWK45PB,Ahmedabad,2025-04-18T19:41:00,ACTIVE,,REACTIVATION_CAMPAIGN
CUS-000176,CREF-7EPWQ42ZV,Hyderabad,2024-12-26T18:50:00,ACTIVE,,PAID_AD
CUS-000177,CREF-3CK22PCXF,Chennai,2025-02-25T10:57:00,ACTIVE,,ORGANIC
CUS-000178,CREF-U86GC2MH7,Bengaluru,2025-08-03T12:54:00,ACTIVE,,PAID_AD
CUS-000179,CREF-PCN6AAW83,Delhi,2025-06-04T18:02:00,ACTIVE,,PAID_AD
CUS-000180,CREF-HGTAWN88Z,Kolkata,2025-09-25T21:47:00,ACTIVE,,ORGANIC
CUS-000181,CREF-4F37UQBW9,Chennai,2025-04-26T19:53:00,ACTIVE,,REACTIVATION_CAMPAIGN
CUS-000182,CREF-ZZLWKUJW2,Pune,2025-07-03T21:11:00,ACTIVE,,ONBOARDING_PARTNER
CUS-000183,CREF-3F6DRSTVD,Hyderabad,2025-09-19T10:04:00,ACTIVE,,PAID_AD
CUS-000184,CREF-X5G9SP7YD,Pune,2025-02-08T08:21:00,ACTIVE,,ORGANIC
CUS-000185,CREF-ALVG469D4,Hyderabad,2025-02-27T13:55:00,ACTIVE,,REFERRAL
CUS-000186,CREF-7Q2WNFB6X,Chennai,2025-11-06T08:15:00,ACTIVE,,ORGANIC
CUS-000187,CREF-P7U8EWREG,Mumbai,2025-05-29T17:45:00,ACTIVE,,ONBOARDING_PARTNER
CUS-000188,CREF-B7AFC9SBJ,Hyderabad,2025-03-24T16:37:00,ACTIVE,,ORGANIC
CUS-000189,CREF-V4T55BTKF,Chennai,2025-07-23T18:15:00,ACTIVE,,REFERRAL
CUS-000190,CREF-5R2Y64MCD,Delhi,2025-01-31T11:07:00,INACTIVE,2026-07-07T19:08:12,PAID_AD
CUS-000191,CREF-BU9NK9YEL,Hyderabad,2025-07-15T15:22:00,ACTIVE,,REACTIVATION_CAMPAIGN
CUS-000192,CREF-87EK9BE77,Jaipur,2025-08-24T16:21:00,ACTIVE,,PAID_AD
CUS-000193,CREF-WJZZLMATC,Mumbai,2025-07-17T12:33:00,ACTIVE,,ORGANIC
CUS-000194,CREF-UREPQ6GVW,Hyderabad,2025-02-22T18:38:00,ACTIVE,,REACTIVATION_CAMPAIGN
CUS-000195,CREF-M8SNL6BDL,Jaipur,2025-03-16T09:04:00,INACTIVE,2026-07-03T15:39:10,LOYALTY_PROGRAM
CUS-000196,CREF-DGCCHHALG,Pune,2025-09-18T15:13:00,ACTIVE,,PAID_AD
CUS-000197,CREF-R39CD98FP,Delhi,2025-10-28T12:44:00,ACTIVE,,LOYALTY_PROGRAM
CUS-000198,CREF-9FV7S7WPD,Hyderabad,2025-10-24T08:43:00,ACTIVE,,ORGANIC
CUS-000199,CREF-5BM36AG9S,Ahmedabad,2025-10-04T15:44:00,ACTIVE,,ORGANIC
CUS-000200,CREF-5639SGY2X,Pune,2025-01-13T11:40:00,ACTIVE,,LOYALTY_PROGRAM
CUS-000201,CREF-TZVN7NS3C,Kolkata,2025-08-25T11:05:00,ACTIVE,,ORGANIC
CUS-000202,CREF-PZHY7MWCW,Bengaluru,2025-06-03T18:37:00,ACTIVE,,LOYALTY_PROGRAM
CUS-000203,CREF-ZSUQCMXRA,Chennai,2025-03-15T12:49:00,ACTIVE,,ONBOARDING_PARTNER
CUS-000204,CREF-R6NP7796R,Jaipur,2025-08-03T14:59:00,ACTIVE,,ORGANIC
CUS-000205,CREF-8LRWRJ3J3,Kolkata,2025-07-19T20:06:00,ACTIVE,,LOYALTY_PROGRAM
CUS-000206,CREF-MDZQU6BXN,Delhi,2025-09-26T12:57:00,INACTIVE,2026-09-30T12:00:00,REFERRAL
CUS-000207,CREF-98XBX8DJK,Delhi,2025-07-10T08:44:00,ACTIVE,,REFERRAL
CUS-000208,CREF-BAKGTSGUF,Pune,2025-01-03T20:27:00,ACTIVE,,LOYALTY_PROGRAM
CUS-000209,CREF-3D6ZJNPXK,Pune,2024-11-22T10:20:00,ACTIVE,,ORGANIC
CUS-000210,CREF-VVFRUKSM6,Ahmedabad,2025-11-29T09:08:00,ACTIVE,,REFERRAL
CUS-000211,CREF-9XBHTSYSK,Delhi,2025-01-21T20:02:00,ACTIVE,,REACTIVATION_CAMPAIGN
CUS-000212,CREF-S53QV9GNP,Kolkata,2025-11-14T17:47:00,ACTIVE,,REFERRAL
CUS-000213,CREF-SHJUMRBXV,Kolkata,2025-01-15T10:25:00,ACTIVE,,REFERRAL
CUS-000214,CREF-T6NPQLHXU,Hyderabad,2025-07-02T08:28:00,ACTIVE,,REFERRAL
CUS-000215,CREF-D4ACEJQRY,Hyderabad,2025-07-03T15:23:00,INACTIVE,2026-09-13T09:26:32,LOYALTY_PROGRAM
CUS-000216,CREF-VARVBRJ2Z,Delhi,2024-11-09T12:19:00,ACTIVE,,ORGANIC
CUS-000217,CREF-UHZQW5UAQ,Chennai,2025-06-19T17:12:00,ACTIVE,,ORGANIC
CUS-000218,CREF-KEDAA44UD,Delhi,2025-11-06T10:09:00,ACTIVE,,ONBOARDING_PARTNER
CUS-000219,CREF-TTE38C5K8,Pune,2025-11-09T18:55:00,ACTIVE,,LOYALTY_PROGRAM
CUS-000220,CREF-ZRZPBN4KZ,Kolkata,2025-03-20T16:09:00,ACTIVE,,LOYALTY_PROGRAM
CUS-000221,CREF-WT2S2QWRK,Kolkata,2024-12-02T08:06:00,ACTIVE,,PAID_AD
CUS-000222,CREF-8P32EXUR8,Chennai,2025-11-06T18:46:00,ACTIVE,,ONBOARDING_PARTNER
CUS-000223,CREF-VVMPUL4TJ,Mumbai,2025-02-02T14:18:00,ACTIVE,,LOYALTY_PROGRAM
CUS-000224,CREF-ULWU3S3XC,Jaipur,2024-12-10T15:31:00,ACTIVE,,REFERRAL
CUS-000225,CREF-SH9MTG6CW,Bengaluru,2025-02-10T14:21:00,ACTIVE,,REFERRAL
CUS-000226,CREF-AUCZNK9GV,Pune,2024-11-28T20:31:00,ACTIVE,,ORGANIC
CUS-000227,CREF-9GFWTVQ9Z,Pune,2025-10-03T20:34:00,ACTIVE,,ONBOARDING_PARTNER
CUS-000228,CREF-ME7ZP3J4Q,Chennai,2025-02-07T19:05:00,ACTIVE,,LOYALTY_PROGRAM
CUS-000229,CREF-H9DDRHJUL,Ahmedabad,2025-10-27T13:03:00,ACTIVE,,PAID_AD
CUS-000230,CREF-X9JCQN5RZ,Delhi,2025-02-21T14:27:00,ACTIVE,,PAID_AD
CUS-000231,CREF-85CBV75YF,Delhi,2025-09-16T18:27:00,ACTIVE,,REACTIVATION_CAMPAIGN
CUS-000232,CREF-RRH9KTJHP,Ahmedabad,2024-12-28T17:41:00,ACTIVE,,ORGANIC
CUS-000233,CREF-QJS3XPWXG,Bengaluru,2025-03-29T18:43:00,ACTIVE,,ORGANIC
CUS-000234,CREF-WBLB9MUFF,Kolkata,2025-04-12T21:24:00,ACTIVE,,PAID_AD
CUS-000235,CREF-NNP8PZ3VL,Pune,2025-05-16T17:00:00,ACTIVE,,ORGANIC
CUS-000236,CREF-5U35HT28C,Kolkata,2025-10-27T15:03:00,ACTIVE,,REFERRAL
CUS-000237,CREF-CJVNMN2MG,Bengaluru,2025-05-18T21:25:00,ACTIVE,,ORGANIC
CUS-000238,CREF-83YDSRYV4,Delhi,2025-03-21T11:54:00,ACTIVE,,PAID_AD
CUS-000239,CREF-E2HXZDSSK,Pune,2025-10-25T10:50:00,INACTIVE,2026-09-25T18:44:49,LOYALTY_PROGRAM
CUS-000240,CREF-34KMNK5VV,Kolkata,2025-03-23T14:42:00,ACTIVE,,ORGANIC
CUS-000241,CREF-JAHXKSMQK,Hyderabad,2025-03-17T20:15:00,ACTIVE,,ONBOARDING_PARTNER
CUS-000242,CREF-767Y6EQ5V,Delhi,2025-04-29T15:38:00,ACTIVE,,ONBOARDING_PARTNER
CUS-000243,CREF-74WL8RKXV,Mumbai,2025-07-29T12:55:00,ACTIVE,,ONBOARDING_PARTNER
CUS-000244,CREF-7S3QHTDDN,Bengaluru,2025-11-17T17:15:00,ACTIVE,,ORGANIC
CUS-000245,CREF-5NR6FLG7U,Hyderabad,2024-12-04T15:56:00,ACTIVE,,ONBOARDING_PARTNER
CUS-000246,CREF-7Z85A2SZK,Kolkata,2025-05-09T13:12:00,ACTIVE,,REFERRAL
CUS-000247,CREF-ULNR7DP4W,Ahmedabad,2025-09-24T13:51:00,ACTIVE,,REACTIVATION_CAMPAIGN
CUS-000248,CREF-UMUFC5L24,Pune,2025-01-12T11:39:00,ACTIVE,,ORGANIC
CUS-000249,CREF-5AMDLQD5F,Hyderabad,2025-10-11T14:45:00,ACTIVE,,PAID_AD
CUS-000250,CREF-VSTLUCLNV,Chennai,2025-07-15T10:59:00,ACTIVE,,ORGANIC
CUS-000251,CREF-N7E6ZVDS4,Mumbai,2024-11-27T08:44:00,ACTIVE,,LOYALTY_PROGRAM
CUS-000252,CREF-HR9QYNBQ6,Pune,2024-11-09T15:41:00,ACTIVE,,ORGANIC
CUS-000253,CREF-WWRL3TX7H,Mumbai,2025-10-02T15:27:00,ACTIVE,,ONBOARDING_PARTNER
CUS-000254,CREF-QRF6KTV72,Hyderabad,2025-01-15T12:49:00,ACTIVE,,ORGANIC
CUS-000255,CREF-M9UZYTJ7X,Pune,2025-05-12T15:14:00,ACTIVE,,REFERRAL
CUS-000256,CREF-AQVTFNNRY,Pune,2025-11-24T15:57:00,ACTIVE,,ONBOARDING_PARTNER
CUS-000257,CREF-KSDLL5TV9,Mumbai,2024-11-21T16:26:00,ACTIVE,,LOYALTY_PROGRAM
CUS-000258,CREF-BV2XX45VE,Mumbai,2025-07-18T16:19:00,ACTIVE,,PAID_AD
CUS-000259,CREF-RVAZVVDLH,Jaipur,2024-11-07T09:32:00,ACTIVE,,REFERRAL
CUS-000260,CREF-TS3LFH23L,Pune,2024-11-28T20:21:00,ACTIVE,,ORGANIC
CUS-000261,CREF-83QTKH7FN,Kolkata,2025-03-21T17:18:00,ACTIVE,,ONBOARDING_PARTNER
CUS-000262,CREF-VVZ874CUX,Jaipur,2025-11-20T18:55:00,ACTIVE,,LOYALTY_PROGRAM
CUS-000263,CREF-C8SHQ2AQJ,Jaipur,2025-02-01T14:39:00,ACTIVE,,ORGANIC
CUS-000264,CREF-XK8XW24CK,Kolkata,2025-01-05T18:44:00,INACTIVE,2026-09-30T12:00:00,ORGANIC
CUS-000265,CREF-YYW684V8A,Kolkata,2025-11-30T19:26:00,ACTIVE,,ORGANIC
CUS-000266,CREF-DUQBSTWGN,Ahmedabad,2025-03-07T11:31:00,ACTIVE,,ORGANIC
CUS-000267,CREF-7VE99CADL,Ahmedabad,2025-08-15T10:22:00,ACTIVE,,ONBOARDING_PARTNER
CUS-000268,CREF-Y3N596CF5,Bengaluru,2025-03-14T08:41:00,ACTIVE,,ORGANIC
CUS-000269,CREF-XDUWYBSXW,Kolkata,2024-12-29T14:42:00,ACTIVE,,ORGANIC
CUS-000270,CREF-DEL9S8NVZ,Hyderabad,2025-03-05T20:58:00,ACTIVE,,LOYALTY_PROGRAM
CUS-000271,CREF-GB66485A4,Mumbai,2025-06-03T14:55:00,ACTIVE,,LOYALTY_PROGRAM
CUS-000272,CREF-7PDUB3GH5,Mumbai,2025-06-02T14:07:00,ACTIVE,,ORGANIC
CUS-000273,CREF-KLHN8B4KK,Chennai,2025-03-05T11:37:00,ACTIVE,,REACTIVATION_CAMPAIGN
CUS-000274,CREF-2WSAJ4NXP,Hyderabad,2025-07-13T09:26:00,ACTIVE,,LOYALTY_PROGRAM
CUS-000275,CREF-GEBKAMQHZ,Hyderabad,2025-10-21T12:59:00,ACTIVE,,ONBOARDING_PARTNER
CUS-000276,CREF-MQ6R8FHSP,Chennai,2025-10-18T19:12:00,ACTIVE,,LOYALTY_PROGRAM
CUS-000277,CREF-HW3JF4Q3E,Delhi,2025-09-29T16:48:00,ACTIVE,,PAID_AD
CUS-000278,CREF-SFVW7FUNJ,Pune,2024-11-21T17:45:00,ACTIVE,,PAID_AD
CUS-000279,CREF-L3EG74RRP,Chennai,2025-11-16T12:24:00,ACTIVE,,LOYALTY_PROGRAM
CUS-000280,CREF-2JA8NW4UD,Kolkata,2025-03-10T20:27:00,ACTIVE,,LOYALTY_PROGRAM
CUS-000281,CREF-S5FAQSECN,Jaipur,2025-07-01T12:29:00,ACTIVE,,REACTIVATION_CAMPAIGN
CUS-000282,CREF-XJTSW234V,Jaipur,2025-07-28T20:28:00,ACTIVE,,REFERRAL
CUS-000283,CREF-GDYRM9YJA,Jaipur,2024-11-23T13:28:00,ACTIVE,,LOYALTY_PROGRAM
CUS-000284,CREF-Q8X752QLG,Delhi,2024-12-14T15:08:00,ACTIVE,,LOYALTY_PROGRAM
CUS-000285,CREF-W5W3B7A3L,Chennai,2025-08-26T11:58:00,ACTIVE,,ONBOARDING_PARTNER
CUS-000286,CREF-VK8MDVZ63,Delhi,2025-05-14T18:29:00,ACTIVE,,REACTIVATION_CAMPAIGN
CUS-000287,CREF-ASWZKL8NE,Hyderabad,2025-04-17T18:05:00,ACTIVE,,ORGANIC
CUS-000288,CREF-MMQTU7ZWN,Kolkata,2025-07-29T18:55:00,ACTIVE,,REFERRAL
CUS-000289,CREF-QGA8JMHLF,Bengaluru,2025-07-02T18:17:00,ACTIVE,,REFERRAL
CUS-000290,CREF-T3BTVHL77,Jaipur,2025-08-11T08:31:00,ACTIVE,,LOYALTY_PROGRAM
CUS-000291,CREF-W9UYP5DBT,Kolkata,2025-02-09T16:30:00,ACTIVE,,LOYALTY_PROGRAM
CUS-000292,CREF-E94L7REPZ,Mumbai,2025-10-22T18:11:00,ACTIVE,,ONBOARDING_PARTNER
CUS-000293,CREF-37H6AZTMU,Jaipur,2024-12-19T18:50:00,ACTIVE,,REACTIVATION_CAMPAIGN
CUS-000294,CREF-DHV3ERFV7,Pune,2025-09-09T16:04:00,ACTIVE,,PAID_AD
CUS-000295,CREF-ZZJHMY2H3,Delhi,2024-12-31T17:30:00,ACTIVE,,PAID_AD
CUS-000296,CREF-8LDH99RLF,Pune,2024-12-11T17:04:00,ACTIVE,,ORGANIC
CUS-000297,CREF-5WCGMJ359,Pune,2025-03-05T11:46:00,ACTIVE,,ORGANIC
CUS-000298,CREF-Z4CC9ZRV7,Kolkata,2025-03-24T18:32:00,ACTIVE,,ORGANIC
CUS-000299,CREF-GRBWGREPG,Pune,2024-11-12T11:07:00,ACTIVE,,ORGANIC
CUS-000300,CREF-PNB2KHQPY,Delhi,2025-08-20T17:23:00,ACTIVE,,ORGANIC
CUS-000301,CREF-LBW6N66YL,Jaipur,2025-08-20T12:01:00,ACTIVE,,PAID_AD
CUS-000302,CREF-3GB3U9VUY,Jaipur,2025-06-09T17:25:00,ACTIVE,,REFERRAL
CUS-000303,CREF-FXFAXNXWS,Hyderabad,2025-04-16T15:53:00,ACTIVE,,ORGANIC
CUS-000304,CREF-JBLN6BK6N,Bengaluru,2025-08-08T13:02:00,ACTIVE,,ORGANIC
CUS-000305,CREF-2DXM2NXXQ,Ahmedabad,2025-07-11T17:47:00,ACTIVE,,PAID_AD
CUS-000306,CREF-MSHXNJSNV,Delhi,2025-11-12T21:05:00,ACTIVE,,ORGANIC
CUS-000307,CREF-DT6BZVPGF,Kolkata,2024-12-29T12:51:00,ACTIVE,,LOYALTY_PROGRAM
CUS-000308,CREF-KQS9DWAJW,Pune,2025-02-22T16:17:00,ACTIVE,,LOYALTY_PROGRAM
CUS-000309,CREF-9YYDQAEYP,Hyderabad,2025-02-06T15:29:00,ACTIVE,,LOYALTY_PROGRAM
CUS-000310,CREF-S368FCHGW,Ahmedabad,2025-04-25T18:09:00,ACTIVE,,ORGANIC
CUS-000311,CREF-JW257VMFR,Jaipur,2024-11-25T12:58:00,ACTIVE,,PAID_AD
CUS-000312,CREF-KJGTVWUQD,Bengaluru,2025-05-31T17:26:00,ACTIVE,,ORGANIC
CUS-000313,CREF-28TJQ93V6,Kolkata,2025-03-13T19:24:00,INACTIVE,2025-03-29T02:24:00,REACTIVATION_CAMPAIGN
CUS-000314,CREF-83EPNSRPS,Kolkata,2025-11-11T08:36:00,ACTIVE,,ORGANIC
CUS-000315,CREF-T54UNU5KJ,Kolkata,2024-11-21T18:51:00,ACTIVE,,REACTIVATION_CAMPAIGN
CUS-000316,CREF-9HRTT2ZPM,Mumbai,2025-09-17T21:35:00,ACTIVE,,ORGANIC
CUS-000317,CREF-QA8972K7T,Hyderabad,2024-12-20T20:00:00,ACTIVE,,ORGANIC
CUS-000318,CREF-F54AX55NQ,Hyderabad,2024-12-26T16:07:00,ACTIVE,,ORGANIC
CUS-000319,CREF-3KUVAZAYN,Mumbai,2025-02-27T08:55:00,ACTIVE,,REACTIVATION_CAMPAIGN
CUS-000320,CREF-6PWHZP43A,Pune,2024-11-07T19:57:00,ACTIVE,,ORGANIC
CUS-000321,CREF-TFTU8W4GP,Mumbai,2025-01-09T15:22:00,ACTIVE,,PAID_AD
CUS-000322,CREF-MAYSR8M9V,Mumbai,2025-02-17T12:17:00,ACTIVE,,PAID_AD
CUS-000323,CREF-LWXA49KQ2,Jaipur,2025-08-06T16:18:00,ACTIVE,,ONBOARDING_PARTNER
CUS-000324,CREF-VTDSCC6AX,Bengaluru,2025-05-06T11:37:00,ACTIVE,,LOYALTY_PROGRAM
CUS-000325,CREF-MPWZ3H8F6,Delhi,2024-11-10T16:06:00,ACTIVE,,LOYALTY_PROGRAM
CUS-000326,CREF-999ZYMMK7,Kolkata,2024-12-15T14:41:00,ACTIVE,,ONBOARDING_PARTNER
CUS-000327,CREF-AEX8N7ZNV,Mumbai,2025-05-19T21:11:00,ACTIVE,,ORGANIC
CUS-000328,CREF-QZVNSLZ7G,Kolkata,2025-04-18T14:40:00,ACTIVE,,PAID_AD
CUS-000329,CREF-FTKJN47XU,Pune,2025-07-06T16:31:00,ACTIVE,,ONBOARDING_PARTNER
CUS-000330,CREF-3ARCVJ6AJ,Jaipur,2025-09-27T11:42:00,ACTIVE,,REFERRAL
CUS-000331,CREF-VR3G5EF96,Bengaluru,2025-01-23T08:48:00,ACTIVE,,REFERRAL
CUS-000332,CREF-2SYTS6D98,Jaipur,2025-09-28T21:08:00,ACTIVE,,LOYALTY_PROGRAM
CUS-000333,CREF-QVRQVBFW3,Mumbai,2025-01-11T10:03:00,ACTIVE,,REACTIVATION_CAMPAIGN
CUS-000334,CREF-4KLHTPZ7Q,Mumbai,2025-01-04T13:06:00,ACTIVE,,REACTIVATION_CAMPAIGN
CUS-000335,CREF-QT3JHYENY,Kolkata,2025-10-21T10:22:00,ACTIVE,,ONBOARDING_PARTNER
CUS-000336,CREF-ZCQFTGJVA,Kolkata,2025-08-24T19:02:00,ACTIVE,,LOYALTY_PROGRAM
CUS-000337,CREF-J9WBZKLT8,Hyderabad,2025-11-09T19:44:00,ACTIVE,,ORGANIC
CUS-000338,CREF-GYZAJJQHJ,Delhi,2025-11-17T13:42:00,ACTIVE,,LOYALTY_PROGRAM
CUS-000339,CREF-2LEFJH22Q,Chennai,2025-01-11T09:13:00,ACTIVE,,REFERRAL
CUS-000340,CREF-8VEUH33VJ,Kolkata,2025-03-01T19:32:00,ACTIVE,,ORGANIC
CUS-000341,CREF-38NFNLWHJ,Jaipur,2025-07-19T19:10:00,ACTIVE,,ORGANIC
CUS-000342,CREF-6PQUP4BHA,Ahmedabad,2025-03-20T11:11:00,ACTIVE,,LOYALTY_PROGRAM
CUS-000343,CREF-E5F3S7UNT,Hyderabad,2025-05-16T10:24:00,ACTIVE,,ONBOARDING_PARTNER
CUS-000344,CREF-5W8URB2V7,Mumbai,2025-09-15T11:33:00,INACTIVE,2025-10-02T18:33:00,PAID_AD
CUS-000345,CREF-YND9SBMHM,Chennai,2025-04-26T12:55:00,ACTIVE,,ORGANIC
CUS-000346,CREF-YL5SEVNTQ,Jaipur,2025-01-26T13:17:00,ACTIVE,,ORGANIC
CUS-000347,CREF-4VWNUHLQA,Kolkata,2025-06-22T13:43:00,ACTIVE,,REFERRAL
CUS-000348,CREF-T58WUPUHJ,Pune,2025-04-17T09:50:00,ACTIVE,,REFERRAL
CUS-000349,CREF-FFJPRS8HA,Delhi,2025-05-11T17:20:00,ACTIVE,,PAID_AD
CUS-000350,CREF-Q947KK3CA,Bengaluru,2025-04-09T09:31:00,ACTIVE,,ORGANIC
CUS-000351,CREF-BKYN28ZHM,Delhi,2025-08-16T20:05:00,ACTIVE,,ONBOARDING_PARTNER
CUS-000352,CREF-R9TNVG6VZ,Mumbai,2025-04-04T21:35:00,ACTIVE,,REACTIVATION_CAMPAIGN
CUS-000353,CREF-GAWYS7XMR,Mumbai,2025-08-07T17:17:00,ACTIVE,,ONBOARDING_PARTNER
CUS-000354,CREF-4A6RXP6YF,Delhi,2025-01-06T08:09:00,ACTIVE,,LOYALTY_PROGRAM
CUS-000355,CREF-7H9UW2G7L,Pune,2025-01-24T10:13:00,ACTIVE,,ONBOARDING_PARTNER
CUS-000356,CREF-FCMGHVV5E,Mumbai,2025-01-09T10:10:00,INACTIVE,2025-01-13T10:10:00,ORGANIC
CUS-000357,CREF-DS6NEK273,Hyderabad,2025-08-27T21:08:00,ACTIVE,,ORGANIC
CUS-000358,CREF-RR36ZX5QK,Kolkata,2025-06-20T11:17:00,ACTIVE,,ONBOARDING_PARTNER
CUS-000359,CREF-2BGNAJXPR,Delhi,2024-12-08T15:00:00,ACTIVE,,ORGANIC
CUS-000360,CREF-AS7XUKEJX,Hyderabad,2025-02-26T13:00:00,ACTIVE,,REFERRAL
CUS-000361,CREF-WU5BJX4ZQ,Pune,2025-11-15T19:38:00,ACTIVE,,REFERRAL
CUS-000362,CREF-FV6QWLLLY,Chennai,2025-11-06T20:59:00,ACTIVE,,ONBOARDING_PARTNER
CUS-000363,CREF-TMP5Y3UVU,Bengaluru,2025-02-22T12:33:00,ACTIVE,,ONBOARDING_PARTNER
CUS-000364,CREF-BUR47YFAM,Pune,2025-08-31T20:25:00,ACTIVE,,ORGANIC
CUS-000365,CREF-SW5793EMU,Delhi,2025-07-09T20:48:00,ACTIVE,,PAID_AD
CUS-000366,CREF-B5XN9CRPT,Kolkata,2025-03-28T19:08:00,ACTIVE,,REFERRAL
CUS-000367,CREF-MDSGVFWX5,Delhi,2025-04-21T14:51:00,ACTIVE,,ORGANIC
CUS-000368,CREF-E6YHZUHQT,Delhi,2025-02-23T12:40:00,ACTIVE,,REACTIVATION_CAMPAIGN
CUS-000369,CREF-24QWBX9EQ,Ahmedabad,2024-12-21T11:03:00,ACTIVE,,ORGANIC
CUS-000370,CREF-3CY8RWY9F,Ahmedabad,2025-07-06T21:24:00,ACTIVE,,ONBOARDING_PARTNER
CUS-000371,CREF-FPV8WRBQS,Hyderabad,2025-11-22T21:23:00,ACTIVE,,REACTIVATION_CAMPAIGN
CUS-000372,CREF-4L849TPR5,Jaipur,2025-06-21T11:35:00,ACTIVE,,REFERRAL
CUS-000373,CREF-3TETXHPWX,Mumbai,2025-01-28T10:54:00,ACTIVE,,REFERRAL
CUS-000374,CREF-G9G993899,Chennai,2025-11-06T14:43:00,ACTIVE,,REFERRAL
CUS-000375,CREF-AUELM7223,Hyderabad,2025-06-23T20:40:00,ACTIVE,,PAID_AD
CUS-000376,CREF-693XUBEWH,Hyderabad,2025-09-10T21:46:00,INACTIVE,2025-09-24T22:46:00,LOYALTY_PROGRAM
CUS-000377,CREF-QATNLHA3B,Delhi,2024-12-24T21:30:00,ACTIVE,,ORGANIC
CUS-000378,CREF-VD855L5EY,Bengaluru,2024-12-04T17:32:00,ACTIVE,,ONBOARDING_PARTNER
CUS-000379,CREF-JEJCPNDAR,Ahmedabad,2024-11-21T10:27:00,ACTIVE,,PAID_AD
CUS-000380,CREF-2N76Z5WYE,Mumbai,2024-11-12T18:56:00,INACTIVE,2024-11-30T19:56:00,REACTIVATION_CAMPAIGN
CUS-000381,CREF-22JDZFMCN,Mumbai,2024-11-30T10:12:00,ACTIVE,,PAID_AD
CUS-000382,CREF-6KVYWARDL,Mumbai,2025-08-21T12:56:00,ACTIVE,,REACTIVATION_CAMPAIGN
CUS-000383,CREF-WQFJW5CS2,Bengaluru,2025-04-30T16:24:00,ACTIVE,,PAID_AD
CUS-000384,CREF-6AWE3FYHZ,Ahmedabad,2025-05-17T10:00:00,ACTIVE,,ONBOARDING_PARTNER
CUS-000385,CREF-3Z2EXW45V,Kolkata,2025-06-23T20:15:00,ACTIVE,,PAID_AD
CUS-000386,CREF-HZESGEFDW,Kolkata,2024-12-06T08:01:00,ACTIVE,,ONBOARDING_PARTNER
CUS-000387,CREF-NF54TMP2Z,Bengaluru,2025-03-07T19:53:00,ACTIVE,,ORGANIC
CUS-000388,CREF-HRREQZFTX,Pune,2025-10-10T19:50:00,ACTIVE,,LOYALTY_PROGRAM
CUS-000389,CREF-CA9H6A7PM,Hyderabad,2025-01-17T13:07:00,ACTIVE,,LOYALTY_PROGRAM
CUS-000390,CREF-PE34ZBPT3,Kolkata,2025-07-04T13:22:00,ACTIVE,,ONBOARDING_PARTNER
CUS-000391,CREF-28G6JSGGZ,Ahmedabad,2025-03-08T19:20:00,ACTIVE,,REFERRAL
CUS-000392,CREF-7YP43AUUJ,Delhi,2025-08-09T08:52:00,ACTIVE,,ONBOARDING_PARTNER
CUS-000393,CREF-6ZWT7QELV,Pune,2025-12-01T13:17:00,ACTIVE,,PAID_AD
CUS-000394,CREF-V9NKSXNTU,Hyderabad,2025-11-28T21:58:00,ACTIVE,,ONBOARDING_PARTNER
CUS-000395,CREF-BBUXJJSVW,Hyderabad,2025-08-16T13:30:00,INACTIVE,2026-09-05T05:56:26,PAID_AD
CUS-000396,CREF-F9NGJSHJK,Mumbai,2025-03-27T12:30:00,ACTIVE,,ORGANIC
CUS-000397,CREF-GKRJ9DY62,Hyderabad,2025-06-28T11:59:00,ACTIVE,,LOYALTY_PROGRAM
CUS-000398,CREF-LJCHD2HQJ,Mumbai,2025-01-31T10:20:00,ACTIVE,,LOYALTY_PROGRAM
CUS-000399,CREF-ZNPRYP3WU,Kolkata,2025-01-20T08:08:00,ACTIVE,,REFERRAL
CUS-000400,CREF-AEWJ4ZAVX,Bengaluru,2025-02-19T21:59:00,ACTIVE,,ONBOARDING_PARTNER
CUS-000401,CREF-JH2D2U6DJ,Jaipur,2025-05-24T16:26:00,ACTIVE,,ORGANIC
CUS-000402,CREF-PF8B62ZDQ,Bengaluru,2025-06-06T14:18:00,ACTIVE,,ORGANIC
CUS-000403,CREF-LNEPBZLAT,Bengaluru,2025-04-23T21:28:00,ACTIVE,,REACTIVATION_CAMPAIGN
CUS-000404,CREF-KDAVN9BQ5,Ahmedabad,2024-12-01T10:50:00,ACTIVE,,REFERRAL
CUS-000405,CREF-L3PRWGHQ3,Chennai,2025-11-01T11:10:00,ACTIVE,,ORGANIC
CUS-000406,CREF-ARD9GWS42,Kolkata,2025-09-29T18:09:00,ACTIVE,,REACTIVATION_CAMPAIGN
CUS-000407,CREF-QG9WNUSNJ,Delhi,2025-11-09T21:10:00,ACTIVE,,ORGANIC
CUS-000408,CREF-8WXEAEA79,Pune,2025-09-26T18:17:00,ACTIVE,,PAID_AD
CUS-000409,CREF-3ZUCNLV73,Delhi,2024-12-13T16:13:00,ACTIVE,,ORGANIC
CUS-000410,CREF-3ZWHTASVH,Mumbai,2025-02-19T15:26:00,ACTIVE,,ORGANIC
CUS-000411,CREF-3JSGUKAL4,Delhi,2025-05-07T21:47:00,ACTIVE,,REFERRAL
CUS-000412,CREF-4J9RJMJLE,Bengaluru,2024-12-13T18:58:00,ACTIVE,,ORGANIC
CUS-000413,CREF-U4QQALFFN,Chennai,2025-09-27T15:56:00,ACTIVE,,ORGANIC
CUS-000414,CREF-86QFTL5XN,Mumbai,2025-05-03T10:46:00,ACTIVE,,ORGANIC
CUS-000415,CREF-R3YSDZWRV,Chennai,2025-01-20T09:10:00,ACTIVE,,ORGANIC
CUS-000416,CREF-QYATXYUSR,Mumbai,2025-02-22T12:01:00,ACTIVE,,ORGANIC
CUS-000417,CREF-WGU7QVSY4,Hyderabad,2025-04-19T12:44:00,ACTIVE,,ORGANIC
CUS-000418,CREF-N3EZG6M85,Bengaluru,2025-06-30T15:11:00,ACTIVE,,REFERRAL
CUS-000419,CREF-UGBRM8YBJ,Bengaluru,2025-08-21T13:17:00,ACTIVE,,PAID_AD
CUS-000420,CREF-XGEVEAQSL,Mumbai,2025-02-09T20:35:00,ACTIVE,,ORGANIC
CUS-000421,CREF-JQ82SF7DP,Jaipur,2025-10-16T21:05:00,ACTIVE,,LOYALTY_PROGRAM
CUS-000422,CREF-DC4D37CQQ,Pune,2025-04-03T12:37:00,ACTIVE,,PAID_AD
CUS-000423,CREF-Y2639ZKGV,Hyderabad,2025-04-29T14:09:00,ACTIVE,,PAID_AD
CUS-000424,CREF-8TX7C9HLC,Chennai,2025-10-24T18:27:00,ACTIVE,,REACTIVATION_CAMPAIGN
CUS-000425,CREF-3Q7MVNR9M,Hyderabad,2025-07-22T15:19:00,ACTIVE,,ORGANIC
CUS-000426,CREF-TDG8SA44S,Ahmedabad,2025-01-20T20:23:00,INACTIVE,2026-09-30T12:00:00,ORGANIC
CUS-000427,CREF-NBPNP2VG6,Pune,2025-01-27T21:17:00,ACTIVE,,LOYALTY_PROGRAM
CUS-000428,CREF-LJCAB6HBQ,Jaipur,2025-08-25T16:28:00,ACTIVE,,PAID_AD
CUS-000429,CREF-BU88PXZ39,Delhi,2025-04-13T14:41:00,ACTIVE,,ONBOARDING_PARTNER
CUS-000430,CREF-9KRGM8GT3,Hyderabad,2025-07-30T17:23:00,ACTIVE,,REFERRAL
CUS-000431,CREF-25K4RKN8W,Kolkata,2025-06-12T11:24:00,ACTIVE,,REACTIVATION_CAMPAIGN
CUS-000432,CREF-L6NUVE7NR,Ahmedabad,2025-09-06T20:06:00,ACTIVE,,ORGANIC
CUS-000433,CREF-R95PG3W75,Hyderabad,2025-05-25T09:51:00,ACTIVE,,ONBOARDING_PARTNER
CUS-000434,CREF-7J3PCPR9X,Mumbai,2025-08-12T21:21:00,INACTIVE,2026-09-30T12:00:00,LOYALTY_PROGRAM
CUS-000435,CREF-CYV55BBDD,Hyderabad,2025-05-30T09:32:00,ACTIVE,,ORGANIC
CUS-000436,CREF-6BRCCHT8L,Jaipur,2025-05-23T12:31:00,ACTIVE,,PAID_AD
CUS-000437,CREF-3PGU76H8S,Bengaluru,2025-07-24T08:46:00,ACTIVE,,ORGANIC
CUS-000438,CREF-7TUYSRW3T,Chennai,2025-10-08T21:46:00,INACTIVE,2026-09-30T12:00:00,ORGANIC
CUS-000439,CREF-KY36KC9AV,Jaipur,2025-03-03T13:50:00,ACTIVE,,ORGANIC
CUS-000440,CREF-HA5D3L8B4,Pune,2025-02-21T14:19:00,ACTIVE,,ORGANIC
CUS-000441,CREF-4GEYAUT3C,Pune,2025-09-21T15:13:00,ACTIVE,,ONBOARDING_PARTNER
CUS-000442,CREF-J4TXUF3XQ,Chennai,2025-10-11T12:08:00,ACTIVE,,ORGANIC
CUS-000443,CREF-A276LQSW3,Delhi,2025-07-29T19:11:00,ACTIVE,,ORGANIC
CUS-000444,CREF-M9JVBE4DW,Mumbai,2024-11-27T16:18:00,ACTIVE,,PAID_AD
CUS-000445,CREF-Y94ZL95YT,Mumbai,2025-03-05T15:07:00,ACTIVE,,REACTIVATION_CAMPAIGN
CUS-000446,CREF-Q9Z3XV632,Delhi,2025-10-02T16:09:00,ACTIVE,,LOYALTY_PROGRAM
CUS-000447,CREF-G4S6SCSUN,Mumbai,2025-05-27T14:45:00,ACTIVE,,ONBOARDING_PARTNER
CUS-000448,CREF-WGW3MLTR2,Mumbai,2025-08-20T17:06:00,ACTIVE,,ONBOARDING_PARTNER
CUS-000449,CREF-6ST6WSPLX,Hyderabad,2025-07-02T18:32:00,ACTIVE,,REFERRAL
CUS-000450,CREF-72MMGK2Z8,Jaipur,2025-03-22T16:51:00,ACTIVE,,ORGANIC
CUS-000451,CREF-C2NKDNUXY,Ahmedabad,2025-01-28T17:55:00,ACTIVE,,PAID_AD
CUS-000452,CREF-LE5E9DGQ6,Pune,2025-05-20T15:24:00,ACTIVE,,ORGANIC
CUS-000453,CREF-DDDX93YN9,Chennai,2025-04-05T18:12:00,ACTIVE,,ORGANIC
CUS-000454,CREF-6D9MSQREC,Hyderabad,2024-12-18T11:04:00,ACTIVE,,REFERRAL
CUS-000455,CREF-576U428KT,Chennai,2025-10-22T14:23:00,ACTIVE,,LOYALTY_PROGRAM
CUS-000456,CREF-8MLRZBSSZ,Delhi,2025-11-07T15:03:00,ACTIVE,,ORGANIC
CUS-000457,CREF-8B599USKY,Bengaluru,2025-01-02T10:26:00,ACTIVE,,ONBOARDING_PARTNER
CUS-000458,CREF-TAY8RA6Z9,Mumbai,2025-04-09T14:12:00,ACTIVE,,PAID_AD
CUS-000459,CREF-YFUBFFHHQ,Mumbai,2025-11-04T15:26:00,ACTIVE,,REACTIVATION_CAMPAIGN
CUS-000460,CREF-MM9EU96FE,Ahmedabad,2025-06-04T20:51:00,ACTIVE,,LOYALTY_PROGRAM
CUS-000461,CREF-Q7ZJG6BD9,Mumbai,2025-01-01T13:00:00,ACTIVE,,REFERRAL
CUS-000462,CREF-VGHXBMLY6,Ahmedabad,2025-02-21T21:27:00,ACTIVE,,ORGANIC
CUS-000463,CREF-HUKSGRSYV,Mumbai,2025-08-05T20:58:00,ACTIVE,,ORGANIC
CUS-000464,CREF-MAMQPNZ95,Delhi,2025-04-13T14:43:00,ACTIVE,,LOYALTY_PROGRAM
CUS-000465,CREF-BHDGFW5J4,Chennai,2024-11-21T20:11:00,ACTIVE,,ORGANIC
CUS-000466,CREF-MJBGQQVVE,Jaipur,2025-07-22T08:23:00,ACTIVE,,ORGANIC
CUS-000467,CREF-VF9PXV74G,Pune,2025-03-06T09:30:00,ACTIVE,,ORGANIC
CUS-000468,CREF-BJKXXB3BE,Hyderabad,2025-10-16T19:16:00,ACTIVE,,ORGANIC
CUS-000469,CREF-XH3P8RWEN,Ahmedabad,2025-04-15T20:09:00,ACTIVE,,LOYALTY_PROGRAM
CUS-000470,CREF-EM38Z86XG,Mumbai,2024-11-13T15:50:00,ACTIVE,,REACTIVATION_CAMPAIGN
CUS-000471,CREF-KHZPYHBJJ,Jaipur,2025-09-14T08:47:00,INACTIVE,2026-09-30T12:00:00,REACTIVATION_CAMPAIGN
CUS-000472,CREF-WPUBLXN6Z,Bengaluru,2024-12-25T20:22:00,ACTIVE,,ORGANIC
CUS-000473,CREF-U7BLPRWUG,Mumbai,2025-05-17T14:13:00,ACTIVE,,ORGANIC
CUS-000474,CREF-VTGKMD28N,Chennai,2025-04-22T13:40:00,ACTIVE,,ORGANIC
CUS-000475,CREF-9FVCLYKCV,Kolkata,2024-11-21T12:42:00,ACTIVE,,LOYALTY_PROGRAM
CUS-000476,CREF-3TQMFSZA4,Jaipur,2025-11-05T09:25:00,ACTIVE,,ORGANIC
CUS-000477,CREF-ZSF5UPEBU,Mumbai,2025-04-01T08:42:00,ACTIVE,,REFERRAL
CUS-000478,CREF-5V3KUHG3H,Ahmedabad,2025-09-26T13:36:00,ACTIVE,,LOYALTY_PROGRAM
CUS-000479,CREF-XL7PZVFGM,Delhi,2025-04-11T21:31:00,ACTIVE,,PAID_AD
CUS-000480,CREF-XJTAXEX6A,Pune,2025-05-06T09:35:00,ACTIVE,,PAID_AD
CUS-000481,CREF-NL352BGU8,Pune,2025-03-14T18:53:00,ACTIVE,,ORGANIC
CUS-000482,CREF-T282G9DEU,Jaipur,2025-01-09T11:50:00,ACTIVE,,ORGANIC
CUS-000483,CREF-QNTDAM3S8,Pune,2025-06-10T17:10:00,ACTIVE,,LOYALTY_PROGRAM
CUS-000484,CREF-488F8X5UE,Pune,2025-03-03T21:04:00,ACTIVE,,ORGANIC
CUS-000485,CREF-PU6CU5URT,Bengaluru,2024-12-19T13:24:00,ACTIVE,,PAID_AD
CUS-000486,CREF-KK5Y2NVKY,Chennai,2025-10-08T17:27:00,ACTIVE,,LOYALTY_PROGRAM
CUS-000487,CREF-VH7ATHZ9R,Delhi,2025-07-10T09:18:00,ACTIVE,,ORGANIC
CUS-000488,CREF-7E5XJTERT,Mumbai,2025-12-07T16:51:00,ACTIVE,,PAID_AD
CUS-000489,CREF-LDG5JJYP8,Ahmedabad,2025-11-17T18:10:00,ACTIVE,,LOYALTY_PROGRAM
CUS-000490,CREF-2D2L5KBAX,Hyderabad,2024-11-13T18:01:00,ACTIVE,,ORGANIC
CUS-000491,CREF-5J34VDHPP,Jaipur,2025-11-08T14:30:00,ACTIVE,,LOYALTY_PROGRAM
CUS-000492,CREF-J3USTPBBF,Mumbai,2025-06-09T10:47:00,ACTIVE,,LOYALTY_PROGRAM
CUS-000493,CREF-ZZLYD4NKQ,Ahmedabad,2025-08-28T10:40:00,ACTIVE,,ORGANIC
CUS-000494,CREF-TPXXBTDKQ,Delhi,2025-02-23T14:24:00,ACTIVE,,ORGANIC
CUS-000495,CREF-4K7XBTET2,Hyderabad,2025-03-07T17:04:00,ACTIVE,,ONBOARDING_PARTNER
CUS-000496,CREF-LVY9A9JC3,Pune,2025-06-25T15:59:00,ACTIVE,,ORGANIC
CUS-000497,CREF-4GSKJZBV4,Chennai,2024-12-18T16:36:00,ACTIVE,,REFERRAL
CUS-000498,CREF-HR3KZGN6T,Mumbai,2025-08-25T14:53:00,ACTIVE,,REFERRAL
CUS-000499,CREF-E7VS273GH,Ahmedabad,2025-09-26T13:57:00,ACTIVE,,PAID_AD
CUS-000500,CREF-QU63T8LUY,Jaipur,2024-11-09T19:15:00,ACTIVE,,PAID_AD
CUS-000501,CREF-FGBQZNU4H,Jaipur,2025-10-10T10:53:00,ACTIVE,,REACTIVATION_CAMPAIGN
CUS-000502,CREF-JB8YRUTUD,Kolkata,2025-08-05T09:33:00,ACTIVE,,PAID_AD
CUS-000503,CREF-YRADFSG5J,Mumbai,2025-03-08T12:25:00,ACTIVE,,LOYALTY_PROGRAM
CUS-000504,CREF-27P2GF79E,Jaipur,2025-10-15T20:38:00,ACTIVE,,ORGANIC
CUS-000505,CREF-HAWPM5YL8,Hyderabad,2025-04-04T19:50:00,ACTIVE,,LOYALTY_PROGRAM
CUS-000506,CREF-Q2KB8EDYJ,Mumbai,2025-03-02T19:44:00,ACTIVE,,PAID_AD
CUS-000507,CREF-PV3UDKLL2,Delhi,2025-08-07T17:04:00,ACTIVE,,LOYALTY_PROGRAM
CUS-000508,CREF-PULSX39E3,Chennai,2025-09-19T16:25:00,ACTIVE,,ORGANIC
CUS-000509,CREF-42KGRCZ97,Hyderabad,2025-06-29T16:02:00,ACTIVE,,REFERRAL
CUS-000510,CREF-GXDA5A4FY,Kolkata,2024-12-17T18:33:00,ACTIVE,,LOYALTY_PROGRAM
CUS-000511,CREF-XTC2XB7MM,Mumbai,2025-05-26T10:55:00,ACTIVE,,LOYALTY_PROGRAM
CUS-000512,CREF-67PUBZLWQ,Hyderabad,2025-05-27T16:44:00,ACTIVE,,ORGANIC
CUS-000513,CREF-VRUQ9ELJB,Ahmedabad,2025-08-05T10:03:00,ACTIVE,,REFERRAL
CUS-000514,CREF-4FYEA54YY,Ahmedabad,2025-09-22T20:11:00,INACTIVE,2026-07-25T17:51:48,LOYALTY_PROGRAM
CUS-000515,CREF-RZHKC4XE3,Chennai,2025-04-24T13:24:00,ACTIVE,,ORGANIC
CUS-000516,CREF-U6EHFXS3P,Kolkata,2025-01-17T15:50:00,ACTIVE,,PAID_AD
CUS-000517,CREF-M25HB83LW,Jaipur,2025-02-04T09:30:00,ACTIVE,,ORGANIC
CUS-000518,CREF-Z37Y5LTWP,Chennai,2025-09-22T08:53:00,ACTIVE,,REACTIVATION_CAMPAIGN
CUS-000519,CREF-89KXLWPUC,Ahmedabad,2025-02-10T19:41:00,ACTIVE,,ORGANIC
CUS-000520,CREF-Y2NNFLS4G,Ahmedabad,2025-09-25T11:53:00,ACTIVE,,ORGANIC
CUS-000521,CREF-NLSE7VY3J,Pune,2025-10-28T09:15:00,ACTIVE,,PAID_AD
CUS-000522,CREF-WKKBE8M3M,Kolkata,2025-10-12T12:22:00,ACTIVE,,LOYALTY_PROGRAM
CUS-000523,CREF-F3ZA6LGSN,Mumbai,2024-11-22T17:03:00,ACTIVE,,PAID_AD
CUS-000524,CREF-C75RFDMSN,Jaipur,2025-11-20T16:05:00,ACTIVE,,ONBOARDING_PARTNER
CUS-000525,CREF-2FQUZTSA4,Mumbai,2025-06-06T15:23:00,ACTIVE,,REACTIVATION_CAMPAIGN
CUS-000526,CREF-J6FQ7D3DD,Delhi,2025-02-06T08:51:00,ACTIVE,,LOYALTY_PROGRAM
CUS-000527,CREF-3LU8J8B5G,Delhi,2025-05-20T09:15:00,ACTIVE,,REFERRAL
CUS-000528,CREF-QXVEDHXZZ,Bengaluru,2025-11-24T13:21:00,ACTIVE,,PAID_AD
CUS-000529,CREF-G3DZS5EU2,Mumbai,2025-09-29T20:52:00,ACTIVE,,ORGANIC
CUS-000530,CREF-9UE6Z3JFP,Chennai,2025-02-02T20:54:00,ACTIVE,,REACTIVATION_CAMPAIGN
CUS-000531,CREF-DRGWGBVPV,Pune,2025-07-07T17:55:00,ACTIVE,,PAID_AD
CUS-000532,CREF-HW6XNCFQW,Bengaluru,2025-08-21T13:00:00,ACTIVE,,REACTIVATION_CAMPAIGN
CUS-000533,CREF-ASUSXWHS6,Delhi,2025-09-11T11:09:00,ACTIVE,,ORGANIC
CUS-000534,CREF-2NU689ZHL,Pune,2025-05-22T15:06:00,ACTIVE,,ORGANIC
CUS-000535,CREF-T2KAFEHVH,Kolkata,2025-09-11T20:55:00,ACTIVE,,ORGANIC
CUS-000536,CREF-YUGB6YHPD,Kolkata,2025-03-04T18:11:00,ACTIVE,,LOYALTY_PROGRAM
CUS-000537,CREF-WZPECQ8K8,Pune,2025-07-30T11:11:00,ACTIVE,,REFERRAL
CUS-000538,CREF-4VEJRHDSK,Pune,2025-03-14T14:05:00,ACTIVE,,LOYALTY_PROGRAM
CUS-000539,CREF-MKGM4HW9X,Ahmedabad,2025-05-06T11:16:00,ACTIVE,,PAID_AD
CUS-000540,CREF-RAXSQKWG9,Hyderabad,2025-09-09T14:19:00,ACTIVE,,ORGANIC
CUS-000541,CREF-W448PPLKF,Jaipur,2024-12-24T11:21:00,ACTIVE,,LOYALTY_PROGRAM
CUS-000542,CREF-P2DT3TE5R,Delhi,2025-10-03T15:04:00,ACTIVE,,REFERRAL
CUS-000543,CREF-M53TA6ZDW,Mumbai,2025-06-24T16:20:00,ACTIVE,,ORGANIC
CUS-000544,CREF-5UHDHXKTC,Pune,2025-09-05T21:37:00,ACTIVE,,PAID_AD
CUS-000545,CREF-PKWT3YSFK,Kolkata,2024-12-28T11:42:00,ACTIVE,,REFERRAL
CUS-000546,CREF-AQDCJN22L,Delhi,2025-10-20T11:34:00,ACTIVE,,REFERRAL
CUS-000547,CREF-3AM489Q9E,Kolkata,2025-05-12T20:09:00,ACTIVE,,ORGANIC
CUS-000548,CREF-8GZEWLTVT,Hyderabad,2025-11-21T20:55:00,ACTIVE,,REFERRAL
CUS-000549,CREF-PFYEWJ85S,Chennai,2025-11-10T14:30:00,ACTIVE,,ORGANIC
CUS-000550,CREF-BZY3T5K78,Bengaluru,2025-01-29T16:40:00,ACTIVE,,PAID_AD
CUS-000551,CREF-UFERPWDJL,Delhi,2025-03-30T16:34:00,ACTIVE,,LOYALTY_PROGRAM
CUS-000552,CREF-9LXQNT9Z4,Delhi,2025-09-17T19:35:00,ACTIVE,,ONBOARDING_PARTNER
CUS-000553,CREF-NK7XYFTC7,Pune,2025-05-21T15:57:00,ACTIVE,,PAID_AD
CUS-000554,CREF-FD4C75WN2,Chennai,2025-03-21T12:29:00,ACTIVE,,ORGANIC
CUS-000555,CREF-3NR4G53BK,Jaipur,2025-11-04T10:46:00,ACTIVE,,REFERRAL
CUS-000556,CREF-A4JN5ARFM,Bengaluru,2025-02-02T20:26:00,ACTIVE,,ONBOARDING_PARTNER
CUS-000557,CREF-8DPLJZ6A9,Bengaluru,2025-02-12T20:16:00,ACTIVE,,REACTIVATION_CAMPAIGN
CUS-000558,CREF-MWZZEAFUN,Hyderabad,2025-10-20T18:58:00,ACTIVE,,REFERRAL
CUS-000559,CREF-AVUAKWLKH,Hyderabad,2025-11-22T19:48:00,ACTIVE,,ONBOARDING_PARTNER
CUS-000560,CREF-HE5LYZK33,Mumbai,2024-11-25T18:52:00,ACTIVE,,REFERRAL
CUS-000561,CREF-73JX2K56P,Jaipur,2025-09-11T10:18:00,INACTIVE,2026-09-30T12:00:00,ORGANIC
CUS-000562,CREF-6UB3X6WVB,Mumbai,2025-06-05T16:11:00,ACTIVE,,ONBOARDING_PARTNER
CUS-000563,CREF-F2RUL3HAN,Bengaluru,2025-05-05T11:06:00,ACTIVE,,REFERRAL
CUS-000564,CREF-83VDHR5RF,Ahmedabad,2024-12-29T15:21:00,ACTIVE,,REACTIVATION_CAMPAIGN
CUS-000565,CREF-ZD8ZLW5A9,Delhi,2025-03-09T20:40:00,ACTIVE,,LOYALTY_PROGRAM
CUS-000566,CREF-2QJCW2FTQ,Pune,2025-05-13T20:52:00,ACTIVE,,REFERRAL
CUS-000567,CREF-YKKAP32Z6,Delhi,2024-11-13T19:57:00,ACTIVE,,ONBOARDING_PARTNER
CUS-000568,CREF-ZCWK64HAP,Bengaluru,2025-06-06T10:58:00,ACTIVE,,PAID_AD
CUS-000569,CREF-G9TBRT3H8,Mumbai,2025-10-03T10:51:00,ACTIVE,,PAID_AD
CUS-000570,CREF-MYSVXVLHA,Bengaluru,2024-11-27T20:18:00,ACTIVE,,REFERRAL
CUS-000571,CREF-BMNFYSPJW,Pune,2025-04-20T21:08:00,ACTIVE,,LOYALTY_PROGRAM
CUS-000572,CREF-WR2WC6BF7,Delhi,2025-03-13T10:03:00,ACTIVE,,REFERRAL
CUS-000573,CREF-5CEKLT8XR,Bengaluru,2025-09-26T15:29:00,ACTIVE,,ORGANIC
CUS-000574,CREF-88UULMX7S,Delhi,2025-08-25T21:38:00,ACTIVE,,REFERRAL
CUS-000575,CREF-2QBR2KAYU,Jaipur,2025-10-19T16:44:00,ACTIVE,,ORGANIC
CUS-000576,CREF-FBJFRCQZ4,Chennai,2025-03-31T18:37:00,ACTIVE,,PAID_AD
CUS-000577,CREF-DQB2YHXL6,Hyderabad,2025-03-01T13:23:00,ACTIVE,,PAID_AD
CUS-000578,CREF-2QDEBBFZT,Pune,2025-09-04T20:12:00,ACTIVE,,ORGANIC
CUS-000579,CREF-8KSZDV7NN,Delhi,2025-07-02T15:01:00,ACTIVE,,ONBOARDING_PARTNER
CUS-000580,CREF-X27TMYGBR,Kolkata,2025-03-14T13:19:00,ACTIVE,,REFERRAL
CUS-000581,CREF-JBQLJCYNY,Bengaluru,2025-02-05T21:48:00,ACTIVE,,PAID_AD
CUS-000582,CREF-NVZ6LFRSD,Pune,2025-09-19T20:19:00,ACTIVE,,ORGANIC
CUS-000583,CREF-TNYNB5Z99,Mumbai,2025-11-18T13:17:00,ACTIVE,,REFERRAL
CUS-000584,CREF-Z4HB75AAF,Kolkata,2025-10-24T16:24:00,INACTIVE,2026-09-30T12:00:00,ONBOARDING_PARTNER
CUS-000585,CREF-GXBMX2V5Y,Kolkata,2025-04-20T20:23:00,INACTIVE,2026-09-30T12:00:00,REFERRAL
CUS-000586,CREF-YF24FM4SQ,Bengaluru,2025-10-20T16:31:00,ACTIVE,,REACTIVATION_CAMPAIGN
CUS-000587,CREF-7XL29RY64,Delhi,2025-09-24T17:56:00,ACTIVE,,ONBOARDING_PARTNER
CUS-000588,CREF-5777CFR7L,Delhi,2025-05-14T18:56:00,ACTIVE,,REFERRAL
CUS-000589,CREF-ZTBS2765R,Jaipur,2025-05-25T18:05:00,ACTIVE,,PAID_AD
CUS-000590,CREF-J96EDRMXM,Chennai,2025-09-23T11:53:00,ACTIVE,,LOYALTY_PROGRAM
CUS-000591,CREF-LNBHQUKCV,Ahmedabad,2025-08-23T17:03:00,ACTIVE,,ORGANIC
CUS-000592,CREF-PTCAMPN9B,Hyderabad,2025-06-04T15:24:00,ACTIVE,,ORGANIC
CUS-000593,CREF-Y66B8RU6T,Kolkata,2025-10-13T21:55:00,ACTIVE,,ORGANIC
CUS-000594,CREF-7L6NYXLKU,Hyderabad,2025-11-18T09:24:00,ACTIVE,,REFERRAL
CUS-000595,CREF-PDWGATWLB,Kolkata,2025-02-16T19:03:00,ACTIVE,,ORGANIC
CUS-000596,CREF-ZLYHU8UL3,Kolkata,2025-01-10T18:27:00,ACTIVE,,ORGANIC
CUS-000597,CREF-K5NRPV9B2,Bengaluru,2025-04-07T21:31:00,ACTIVE,,LOYALTY_PROGRAM
CUS-000598,CREF-WCFA4FH72,Delhi,2025-06-17T15:13:00,ACTIVE,,ORGANIC
CUS-000599,CREF-CG8CGQPZ4,Ahmedabad,2025-02-05T10:28:00,ACTIVE,,REACTIVATION_CAMPAIGN
CUS-000600,CREF-7WUHK4DHB,Jaipur,2025-01-23T17:01:00,ACTIVE,,ORGANIC
CUS-000601,CREF-MMH44T2AS,Chennai,2025-03-30T11:55:00,ACTIVE,,REFERRAL
CUS-000602,CREF-CEMNK2EM3,Kolkata,2025-04-17T12:05:00,ACTIVE,,ORGANIC
CUS-000603,CREF-4YQPBNV98,Bengaluru,2025-01-12T21:39:00,ACTIVE,,LOYALTY_PROGRAM
CUS-000604,CREF-2K8FSL94P,Hyderabad,2025-09-14T20:18:00,ACTIVE,,ORGANIC
CUS-000605,CREF-W5YVMQQMA,Ahmedabad,2024-12-23T17:22:00,ACTIVE,,REFERRAL
CUS-000606,CREF-83CCSAM99,Delhi,2025-07-04T13:25:00,ACTIVE,,ORGANIC
CUS-000607,CREF-E5H22ZQEP,Bengaluru,2025-10-18T09:27:00,ACTIVE,,ONBOARDING_PARTNER
CUS-000608,CREF-H7NZU5CS5,Delhi,2025-07-31T20:35:00,ACTIVE,,LOYALTY_PROGRAM
CUS-000609,CREF-V92W95HZJ,Mumbai,2025-11-30T14:28:00,ACTIVE,,LOYALTY_PROGRAM
CUS-000610,CREF-6DQWWAJSW,Delhi,2024-11-30T15:36:00,ACTIVE,,REACTIVATION_CAMPAIGN
CUS-000611,CREF-H2K3YBCPV,Pune,2025-06-13T19:59:00,ACTIVE,,LOYALTY_PROGRAM
CUS-000612,CREF-2487METVZ,Pune,2025-06-22T09:58:00,INACTIVE,2026-09-25T10:25:16,REFERRAL
CUS-000613,CREF-WZ8AD5L23,Bengaluru,2025-01-16T14:51:00,ACTIVE,,LOYALTY_PROGRAM
CUS-000614,CREF-N6MJSZH56,Ahmedabad,2025-05-02T08:52:00,ACTIVE,,LOYALTY_PROGRAM
CUS-000615,CREF-8T63BTJS9,Bengaluru,2024-11-25T09:54:00,ACTIVE,,PAID_AD
CUS-000616,CREF-DUBAZ67Q9,Bengaluru,2025-05-24T21:18:00,ACTIVE,,REFERRAL
CUS-000617,CREF-W6L3P72EU,Chennai,2024-12-17T11:25:00,ACTIVE,,PAID_AD
CUS-000618,CREF-JUFZ28GBW,Mumbai,2024-11-22T08:38:00,ACTIVE,,ONBOARDING_PARTNER
CUS-000619,CREF-UN72KW4G2,Bengaluru,2025-01-04T08:41:00,ACTIVE,,ORGANIC
CUS-000620,CREF-8JM6RSP8A,Pune,2025-05-09T08:48:00,ACTIVE,,LOYALTY_PROGRAM
CUS-000621,CREF-XZHLVQ35Y,Mumbai,2025-11-02T10:10:00,ACTIVE,,ORGANIC
CUS-000622,CREF-3MNWW4S9Y,Hyderabad,2025-05-11T08:00:00,ACTIVE,,ORGANIC
CUS-000623,CREF-US7Y75PM9,Kolkata,2025-02-18T11:03:00,ACTIVE,,ONBOARDING_PARTNER
CUS-000624,CREF-7VZLRNSU5,Jaipur,2025-10-18T15:29:00,ACTIVE,,LOYALTY_PROGRAM
CUS-000625,CREF-GD7YJP8H2,Bengaluru,2025-03-27T10:34:00,ACTIVE,,ONBOARDING_PARTNER
CUS-000626,CREF-WTYGMK2EX,Pune,2024-11-20T14:48:00,ACTIVE,,LOYALTY_PROGRAM
CUS-000627,CREF-9R7L522AY,Kolkata,2025-03-07T20:32:00,ACTIVE,,ORGANIC
CUS-000628,CREF-J458UDHW9,Kolkata,2025-01-30T12:17:00,ACTIVE,,REFERRAL
CUS-000629,CREF-3WP59P486,Jaipur,2025-01-22T13:57:00,ACTIVE,,ORGANIC
CUS-000630,CREF-SKYPL8D7L,Ahmedabad,2025-01-24T09:32:00,ACTIVE,,PAID_AD
CUS-000631,CREF-TL4CVF4YX,Kolkata,2025-03-06T20:19:00,ACTIVE,,PAID_AD
CUS-000632,CREF-UAQEUKL4Z,Pune,2025-03-28T20:41:00,ACTIVE,,PAID_AD
CUS-000633,CREF-MVJDEWHH8,Mumbai,2025-04-22T09:49:00,ACTIVE,,PAID_AD
CUS-000634,CREF-H3ALXHEGE,Kolkata,2025-08-28T12:03:00,ACTIVE,,ORGANIC
CUS-000635,CREF-L7U5AW9GF,Delhi,2025-08-10T20:45:00,ACTIVE,,REFERRAL
CUS-000636,CREF-YNL4HN4LJ,Pune,2025-05-18T13:12:00,ACTIVE,,ORGANIC
CUS-000637,CREF-M2CQG3ZPV,Jaipur,2025-06-24T14:57:00,ACTIVE,,PAID_AD
CUS-000638,CREF-8CWZH6PD7,Chennai,2025-10-14T14:04:00,INACTIVE,2026-09-24T23:00:35,REACTIVATION_CAMPAIGN
CUS-000639,CREF-C9VVJJ2SV,Jaipur,2024-11-12T13:47:00,ACTIVE,,LOYALTY_PROGRAM
CUS-000640,CREF-2K7QNQ9NH,Pune,2025-02-03T20:21:00,INACTIVE,2026-09-25T15:20:24,ORGANIC
CUS-000641,CREF-KFPB4STXR,Pune,2025-08-11T19:49:00,ACTIVE,,ONBOARDING_PARTNER
CUS-000642,CREF-DZM8RV4W8,Bengaluru,2025-04-13T15:27:00,ACTIVE,,ONBOARDING_PARTNER
CUS-000643,CREF-QGLST7MKT,Hyderabad,2025-10-08T16:24:00,ACTIVE,,ORGANIC
CUS-000644,CREF-LFZTBDPYR,Mumbai,2025-09-17T09:54:00,ACTIVE,,ORGANIC
CUS-000645,CREF-2QXCMZV9C,Hyderabad,2025-08-07T08:01:00,ACTIVE,,ORGANIC
CUS-000646,CREF-ZPX4M9P9U,Jaipur,2025-05-27T16:53:00,ACTIVE,,REFERRAL
CUS-000647,CREF-ZCBEDRAWG,Pune,2025-01-04T14:15:00,ACTIVE,,ORGANIC
CUS-000648,CREF-NLCEBJ3XA,Hyderabad,2025-07-29T17:08:00,ACTIVE,,REFERRAL
CUS-000649,CREF-3TFU9ZANS,Jaipur,2025-10-17T10:20:00,INACTIVE,2026-09-13T12:05:01,LOYALTY_PROGRAM
CUS-000650,CREF-7TTUCVNG2,Ahmedabad,2025-03-06T16:52:00,ACTIVE,,REFERRAL
CUS-000651,CREF-FKD82B2J9,Pune,2024-12-02T19:15:00,ACTIVE,,REACTIVATION_CAMPAIGN
CUS-000652,CREF-NUE52436X,Mumbai,2025-07-18T14:59:00,ACTIVE,,ORGANIC
CUS-000653,CREF-TKVRQMGHX,Jaipur,2025-07-26T16:19:00,ACTIVE,,ORGANIC
CUS-000654,CREF-GBYRLT6ZP,Mumbai,2025-02-12T21:29:00,ACTIVE,,REACTIVATION_CAMPAIGN
CUS-000655,CREF-P8UYGN668,Delhi,2025-08-19T21:42:00,ACTIVE,,REFERRAL
CUS-000656,CREF-AQT9ECYAU,Mumbai,2025-04-17T15:05:00,ACTIVE,,ORGANIC
CUS-000657,CREF-9GVZ7DAVR,Kolkata,2025-05-13T21:33:00,ACTIVE,,ORGANIC
CUS-000658,CREF-5YQDQ6MRP,Chennai,2025-08-29T14:19:00,ACTIVE,,ORGANIC
CUS-000659,CREF-35MVHTLJV,Mumbai,2025-04-26T11:05:00,ACTIVE,,REFERRAL
CUS-000660,CREF-GZ3STWFQX,Jaipur,2025-01-18T16:24:00,ACTIVE,,ORGANIC
CUS-000661,CREF-3TW5T7HE6,Chennai,2025-04-13T10:55:00,ACTIVE,,PAID_AD
CUS-000662,CREF-F83E7FH5A,Hyderabad,2025-09-28T09:27:00,ACTIVE,,PAID_AD
CUS-000663,CREF-AL5AKDGTA,Pune,2025-01-28T18:34:00,ACTIVE,,ORGANIC
CUS-000664,CREF-F6PFFRMTG,Bengaluru,2025-09-01T16:35:00,ACTIVE,,PAID_AD
CUS-000665,CREF-M7JA2A3QZ,Kolkata,2025-02-10T08:17:00,ACTIVE,,ORGANIC
CUS-000666,CREF-V47Y2LGL8,Chennai,2025-09-30T19:34:00,ACTIVE,,LOYALTY_PROGRAM
CUS-000667,CREF-L45V7AKTZ,Bengaluru,2024-12-23T14:46:00,ACTIVE,,REFERRAL
CUS-000668,CREF-MCUZXP8EW,Bengaluru,2025-11-05T16:23:00,ACTIVE,,ORGANIC
CUS-000669,CREF-93F9H3LUE,Mumbai,2025-03-16T09:39:00,ACTIVE,,REACTIVATION_CAMPAIGN
CUS-000670,CREF-NAYYB8UYG,Kolkata,2025-01-12T09:20:00,ACTIVE,,LOYALTY_PROGRAM
CUS-000671,CREF-Q3529BWAF,Delhi,2025-05-08T16:28:00,ACTIVE,,ORGANIC
CUS-000672,CREF-65WWCMY2J,Delhi,2024-11-29T16:18:00,ACTIVE,,PAID_AD
CUS-000673,CREF-FRVR3GBVC,Hyderabad,2025-07-24T17:07:00,ACTIVE,,REFERRAL
CUS-000674,CREF-LELBP9RRN,Pune,2024-12-07T16:11:00,ACTIVE,,ORGANIC
CUS-000675,CREF-NRPZUDZFL,Mumbai,2025-04-15T14:30:00,ACTIVE,,LOYALTY_PROGRAM
CUS-000676,CREF-E2JS23VCB,Ahmedabad,2025-06-07T18:05:00,ACTIVE,,ONBOARDING_PARTNER
CUS-000677,CREF-TT2JSVWB2,Chennai,2025-01-16T12:32:00,ACTIVE,,ORGANIC
CUS-000678,CREF-2AB4V9WTA,Hyderabad,2025-10-27T19:56:00,ACTIVE,,ORGANIC
CUS-000679,CREF-2YFWGUCK5,Ahmedabad,2025-10-23T16:06:00,ACTIVE,,ORGANIC
CUS-000680,CREF-6KWQ28B68,Jaipur,2025-10-29T20:09:00,ACTIVE,,LOYALTY_PROGRAM
CUS-000681,CREF-QE4TTRDMC,Jaipur,2025-08-24T21:02:00,ACTIVE,,ORGANIC
CUS-000682,CREF-TECJHKZW8,Jaipur,2025-06-04T17:01:00,ACTIVE,,REFERRAL
CUS-000683,CREF-4G69XP79K,Ahmedabad,2025-09-03T20:24:00,ACTIVE,,REFERRAL
CUS-000684,CREF-6N2LUZX28,Mumbai,2025-03-14T10:29:00,ACTIVE,,ORGANIC
CUS-000685,CREF-8W5GTTCJB,Hyderabad,2024-12-09T15:41:00,ACTIVE,,PAID_AD
CUS-000686,CREF-XHFURLT3J,Hyderabad,2025-01-19T16:02:00,ACTIVE,,ORGANIC
CUS-000687,CREF-SWGEZN3RL,Kolkata,2025-09-29T09:00:00,ACTIVE,,REACTIVATION_CAMPAIGN
CUS-000688,CREF-CY2MMDQNU,Pune,2025-03-03T17:03:00,ACTIVE,,REACTIVATION_CAMPAIGN
CUS-000689,CREF-E27XC9UDF,Jaipur,2025-03-21T09:29:00,ACTIVE,,ONBOARDING_PARTNER
CUS-000690,CREF-KJNYXXQPU,Jaipur,2025-01-24T12:59:00,ACTIVE,,ORGANIC
CUS-000691,CREF-WMZKAHF23,Mumbai,2025-01-15T11:53:00,ACTIVE,,REFERRAL
CUS-000692,CREF-RFRGLVAFF,Ahmedabad,2025-11-21T10:01:00,ACTIVE,,REFERRAL
CUS-000693,CREF-9NRTVBNTA,Pune,2025-01-29T18:04:00,ACTIVE,,REACTIVATION_CAMPAIGN
CUS-000694,CREF-24RK3DXYG,Mumbai,2025-10-31T10:12:00,ACTIVE,,PAID_AD
CUS-000695,CREF-4SXCNWWQD,Bengaluru,2025-08-26T15:25:00,ACTIVE,,ORGANIC
CUS-000696,CREF-S8LECCPPG,Pune,2025-07-11T20:00:00,ACTIVE,,REFERRAL
CUS-000697,CREF-FJH3XUMN9,Kolkata,2025-04-13T11:52:00,ACTIVE,,PAID_AD
CUS-000698,CREF-RL6EQZEM9,Jaipur,2025-05-19T09:41:00,ACTIVE,,PAID_AD
CUS-000699,CREF-9LYK7TLUG,Kolkata,2025-06-30T08:42:00,ACTIVE,,PAID_AD
CUS-000700,CREF-MLUNQYP8S,Mumbai,2025-03-27T18:36:00,ACTIVE,,ORGANIC
CUS-000701,CREF-PEC4KR9DP,Ahmedabad,2025-11-14T20:33:00,ACTIVE,,LOYALTY_PROGRAM
CUS-000702,CREF-KZCPFY9GF,Hyderabad,2025-07-15T20:05:00,ACTIVE,,ONBOARDING_PARTNER
CUS-000703,CREF-5CZACQPLR,Ahmedabad,2025-08-07T14:29:00,ACTIVE,,ORGANIC
CUS-000704,CREF-4NZSRPP9Z,Chennai,2024-12-05T15:30:00,ACTIVE,,LOYALTY_PROGRAM
CUS-000705,CREF-TWTRPPPV8,Hyderabad,2025-10-11T09:31:00,ACTIVE,,ORGANIC
CUS-000706,CREF-S6SYWB9ZZ,Hyderabad,2025-07-16T15:41:00,ACTIVE,,REFERRAL
CUS-000707,CREF-72PFVKNPS,Delhi,2024-11-09T21:31:00,ACTIVE,,ONBOARDING_PARTNER
CUS-000708,CREF-EPCL9A5EM,Chennai,2025-09-29T08:18:00,ACTIVE,,PAID_AD
CUS-000709,CREF-BVSK2XGPP,Delhi,2025-03-27T21:47:00,ACTIVE,,ORGANIC
CUS-000710,CREF-5MDG62A8Q,Mumbai,2025-10-08T09:49:00,ACTIVE,,ONBOARDING_PARTNER
CUS-000711,CREF-SHKC92D8S,Pune,2024-12-23T13:34:00,ACTIVE,,PAID_AD
CUS-000712,CREF-T4QCV2L2M,Hyderabad,2025-02-28T16:36:00,ACTIVE,,ORGANIC
CUS-000713,CREF-ACXXS4Y4P,Ahmedabad,2024-12-16T11:52:00,ACTIVE,,ORGANIC
CUS-000714,CREF-ML5TNHPAK,Hyderabad,2025-03-02T19:41:00,ACTIVE,,ORGANIC
CUS-000715,CREF-BY8D4HSKJ,Ahmedabad,2024-11-28T17:44:00,ACTIVE,,ORGANIC
CUS-000716,CREF-9NDYFRT8F,Pune,2025-11-21T19:04:00,ACTIVE,,ORGANIC
CUS-000717,CREF-JD9Q7UDAM,Kolkata,2024-11-19T16:05:00,ACTIVE,,LOYALTY_PROGRAM
CUS-000718,CREF-UXT5MKF9U,Kolkata,2025-11-23T21:34:00,ACTIVE,,ORGANIC
CUS-000719,CREF-7C6KY3V7M,Mumbai,2025-01-09T15:07:00,ACTIVE,,ORGANIC
CUS-000720,CREF-77AKBUMBH,Mumbai,2025-08-21T12:08:00,ACTIVE,,REACTIVATION_CAMPAIGN
CUS-000721,CREF-YXN9PCM6T,Ahmedabad,2025-03-09T09:57:00,ACTIVE,,REFERRAL
CUS-000722,CREF-6HSX57V2U,Ahmedabad,2025-10-22T20:33:00,ACTIVE,,REFERRAL
CUS-000723,CREF-97TFQJE6P,Delhi,2025-03-19T15:23:00,ACTIVE,,LOYALTY_PROGRAM
CUS-000724,CREF-CPXMFAKJB,Pune,2025-08-29T14:22:00,ACTIVE,,REACTIVATION_CAMPAIGN
CUS-000725,CREF-U5SQKDC5X,Chennai,2025-10-04T21:20:00,ACTIVE,,REACTIVATION_CAMPAIGN
CUS-000726,CREF-KLLES7969,Jaipur,2025-01-20T20:35:00,INACTIVE,2026-09-30T12:00:00,REACTIVATION_CAMPAIGN
CUS-000727,CREF-HZP2BHURW,Delhi,2025-04-13T17:17:00,ACTIVE,,REFERRAL
CUS-000728,CREF-3Z4KMHBGS,Ahmedabad,2025-06-28T21:46:00,ACTIVE,,REFERRAL
CUS-000729,CREF-HU3FXU2YT,Bengaluru,2025-08-01T21:13:00,ACTIVE,,PAID_AD
CUS-000730,CREF-EEFWSTCQV,Ahmedabad,2025-04-19T09:37:00,ACTIVE,,ONBOARDING_PARTNER
CUS-000731,CREF-WRQZ3DQWQ,Bengaluru,2025-03-02T13:16:00,ACTIVE,,REACTIVATION_CAMPAIGN
CUS-000732,CREF-6XKZARBKQ,Jaipur,2025-02-03T16:42:00,ACTIVE,,PAID_AD
CUS-000733,CREF-N8QP3J9Q6,Kolkata,2025-02-14T09:31:00,ACTIVE,,PAID_AD
CUS-000734,CREF-HAC86BK3U,Delhi,2024-12-21T10:01:00,ACTIVE,,ORGANIC
CUS-000735,CREF-TTX4EKXM3,Kolkata,2025-11-14T11:52:00,ACTIVE,,PAID_AD
CUS-000736,CREF-PY9RZB9QC,Ahmedabad,2025-03-29T21:23:00,ACTIVE,,LOYALTY_PROGRAM
CUS-000737,CREF-Y2N6ZMLQC,Bengaluru,2025-08-02T15:46:00,ACTIVE,,ORGANIC
CUS-000738,CREF-9WDYKYLPF,Mumbai,2025-06-05T09:09:00,ACTIVE,,REACTIVATION_CAMPAIGN
CUS-000739,CREF-LCMWFGMAC,Jaipur,2025-07-31T11:09:00,ACTIVE,,ORGANIC
CUS-000740,CREF-T6UE7KV9M,Delhi,2025-02-15T09:14:00,ACTIVE,,ORGANIC
CUS-000741,CREF-SLRTSKYMS,Kolkata,2024-11-18T19:14:00,ACTIVE,,ONBOARDING_PARTNER
CUS-000742,CREF-7SFPUNYSF,Jaipur,2025-05-27T09:39:00,ACTIVE,,ORGANIC
CUS-000743,CREF-UG7Y5Z9XX,Bengaluru,2025-07-14T15:54:00,ACTIVE,,ORGANIC
CUS-000744,CREF-CCTR5AV43,Mumbai,2025-10-05T20:08:00,ACTIVE,,ORGANIC
CUS-000745,CREF-NYK7PY7DZ,Hyderabad,2025-03-22T14:00:00,ACTIVE,,LOYALTY_PROGRAM
CUS-000746,CREF-F5KQRMXGZ,Bengaluru,2025-08-06T14:45:00,ACTIVE,,ORGANIC
CUS-000747,CREF-5VKRJ3NGF,Chennai,2025-05-22T17:26:00,ACTIVE,,REACTIVATION_CAMPAIGN
CUS-000748,CREF-YLCFVDNYL,Jaipur,2025-04-13T11:25:00,ACTIVE,,ORGANIC
CUS-000749,CREF-ACNGZGGFG,Hyderabad,2025-08-05T14:06:00,ACTIVE,,REACTIVATION_CAMPAIGN
CUS-000750,CREF-M7LGRUJMA,Ahmedabad,2025-10-29T09:11:00,ACTIVE,,REFERRAL
CUS-000751,CREF-NHFE3Z55D,Delhi,2025-09-02T18:36:00,ACTIVE,,ONBOARDING_PARTNER
CUS-000752,CREF-TSPLTCD4Q,Ahmedabad,2025-06-17T11:32:00,ACTIVE,,ORGANIC
CUS-000753,CREF-R9TWD2DXT,Pune,2025-11-07T16:54:00,ACTIVE,,ORGANIC
CUS-000754,CREF-U2VQAES5P,Pune,2025-06-03T11:55:00,ACTIVE,,LOYALTY_PROGRAM
CUS-000755,CREF-664752TV4,Hyderabad,2024-11-25T21:01:00,ACTIVE,,ORGANIC
CUS-000756,CREF-JXHATY62A,Pune,2025-07-20T21:19:00,ACTIVE,,LOYALTY_PROGRAM
CUS-000757,CREF-PJ6RKEKFN,Pune,2025-04-01T11:22:00,ACTIVE,,PAID_AD
CUS-000758,CREF-GAK6JNCDL,Hyderabad,2024-12-25T17:23:00,ACTIVE,,ONBOARDING_PARTNER
CUS-000759,CREF-M7GRRQZA4,Delhi,2025-09-13T16:28:00,ACTIVE,,ORGANIC
CUS-000760,CREF-FFAWBTAFZ,Kolkata,2025-03-20T18:15:00,ACTIVE,,PAID_AD
CUS-000761,CREF-QJ835VSQM,Jaipur,2025-03-10T11:13:00,ACTIVE,,REFERRAL
CUS-000762,CREF-Z8HNRQ4FQ,Kolkata,2025-09-25T18:39:00,ACTIVE,,ORGANIC
CUS-000763,CREF-847UB8HKE,Hyderabad,2025-11-22T20:59:00,ACTIVE,,ONBOARDING_PARTNER
CUS-000764,CREF-ZJ4MQEB58,Pune,2025-09-19T14:51:00,ACTIVE,,ORGANIC
CUS-000765,CREF-REBRS4UDS,Hyderabad,2025-11-15T12:19:00,ACTIVE,,ONBOARDING_PARTNER
CUS-000766,CREF-YRYEKEQXU,Jaipur,2024-11-24T09:03:00,ACTIVE,,PAID_AD
CUS-000767,CREF-SZNEKJB7H,Mumbai,2025-10-26T17:43:00,ACTIVE,,LOYALTY_PROGRAM
CUS-000768,CREF-WRTK42XNP,Pune,2024-11-26T17:55:00,ACTIVE,,ORGANIC
CUS-000769,CREF-823ZTF3BS,Ahmedabad,2025-02-20T10:47:00,ACTIVE,,PAID_AD
CUS-000770,CREF-YAQWCCGDB,Hyderabad,2025-08-02T14:50:00,ACTIVE,,ORGANIC
CUS-000771,CREF-4X3BMHN7H,Bengaluru,2025-11-04T10:23:00,ACTIVE,,REACTIVATION_CAMPAIGN
CUS-000772,CREF-ANK2AHFBN,Ahmedabad,2025-05-24T08:49:00,INACTIVE,2026-07-08T16:13:10,PAID_AD
CUS-000773,CREF-VPU3BJ4EG,Delhi,2025-01-02T13:54:00,ACTIVE,,REACTIVATION_CAMPAIGN
CUS-000774,CREF-DUYV37MJU,Kolkata,2025-07-21T19:15:00,ACTIVE,,ORGANIC
CUS-000775,CREF-JK76ATZ8V,Mumbai,2025-01-23T10:18:00,INACTIVE,2026-07-12T21:00:12,LOYALTY_PROGRAM
CUS-000776,CREF-4R5GCF8BV,Pune,2025-03-31T09:12:00,ACTIVE,,ORGANIC
CUS-000777,CREF-MLRSVBR88,Hyderabad,2025-01-19T08:17:00,ACTIVE,,ORGANIC
CUS-000778,CREF-FBP2XU4Y8,Mumbai,2025-11-08T11:06:00,ACTIVE,,ORGANIC
CUS-000779,CREF-CS5CQ5DU2,Mumbai,2025-03-13T09:24:00,ACTIVE,,REFERRAL
CUS-000780,CREF-RWG9JVYQ9,Chennai,2025-05-04T11:06:00,ACTIVE,,PAID_AD
CUS-000781,CREF-4ACX6NXHG,Ahmedabad,2025-04-04T08:33:00,INACTIVE,2026-08-22T18:33:15,ORGANIC
CUS-000782,CREF-3ULEVH4UL,Mumbai,2025-06-10T18:35:00,ACTIVE,,PAID_AD
CUS-000783,CREF-WLZ5EVTLU,Ahmedabad,2024-12-10T18:18:00,ACTIVE,,LOYALTY_PROGRAM
CUS-000784,CREF-LHFAC5WHY,Delhi,2025-06-14T21:03:00,ACTIVE,,REFERRAL
CUS-000785,CREF-BA75NX4MM,Mumbai,2025-03-28T14:55:00,ACTIVE,,PAID_AD
CUS-000786,CREF-SDZ86A9MG,Jaipur,2025-06-14T21:14:00,ACTIVE,,PAID_AD
CUS-000787,CREF-U7QM7AMBR,Delhi,2024-11-18T12:37:00,ACTIVE,,REFERRAL
CUS-000788,CREF-ATTHHY5EP,Delhi,2025-01-07T21:47:00,ACTIVE,,PAID_AD
CUS-000789,CREF-NZGU4UQ2S,Delhi,2025-02-05T18:28:00,ACTIVE,,PAID_AD
CUS-000790,CREF-VR3UC246P,Mumbai,2025-06-04T17:28:00,ACTIVE,,LOYALTY_PROGRAM
CUS-000791,CREF-ETRMF7GTM,Delhi,2025-06-27T10:48:00,ACTIVE,,ORGANIC
CUS-000792,CREF-AQW9NAURP,Mumbai,2025-08-04T13:25:00,ACTIVE,,ONBOARDING_PARTNER
CUS-000793,CREF-DXNT6V7TP,Ahmedabad,2025-11-10T12:16:00,ACTIVE,,LOYALTY_PROGRAM
CUS-000794,CREF-G3TY7GPQH,Delhi,2025-09-28T13:03:00,ACTIVE,,PAID_AD
CUS-000795,CREF-K2HKUU2UA,Mumbai,2025-03-27T17:01:00,ACTIVE,,ORGANIC
CUS-000796,CREF-A4WUL5VLM,Pune,2025-10-17T20:36:00,ACTIVE,,ORGANIC
CUS-000797,CREF-PH9RYVG2N,Pune,2025-01-23T21:19:00,INACTIVE,2026-08-17T02:08:11,ONBOARDING_PARTNER
CUS-000798,CREF-FA4LVWDN7,Kolkata,2025-07-17T18:31:00,ACTIVE,,ORGANIC
CUS-000799,CREF-FXNSVKANQ,Hyderabad,2025-01-30T11:11:00,ACTIVE,,ORGANIC
CUS-000800,CREF-R2P3R2SLP,Hyderabad,2025-02-01T09:54:00,ACTIVE,,ORGANIC
CUS-000801,CREF-A6GGJT8KA,Delhi,2025-01-04T12:34:00,INACTIVE,2026-06-27T21:32:42,ONBOARDING_PARTNER
CUS-000802,CREF-AAZ8ZZV7K,Jaipur,2025-08-19T18:11:00,INACTIVE,2026-07-02T10:59:51,REFERRAL
CUS-000803,CREF-LG7LFRGB9,Kolkata,2025-11-01T11:10:00,ACTIVE,,REACTIVATION_CAMPAIGN
CUS-000804,CREF-PHEHW93U4,Ahmedabad,2025-07-21T08:40:00,ACTIVE,,PAID_AD
CUS-000805,CREF-8KCUR32WJ,Jaipur,2025-04-25T20:33:00,ACTIVE,,LOYALTY_PROGRAM
CUS-000806,CREF-RRTZ9TY5Y,Ahmedabad,2025-04-07T18:43:00,ACTIVE,,LOYALTY_PROGRAM
CUS-000807,CREF-8FEMCDUNJ,Hyderabad,2025-04-07T17:55:00,ACTIVE,,ORGANIC
CUS-000808,CREF-DYXGJDUXN,Kolkata,2025-01-15T09:39:00,ACTIVE,,REACTIVATION_CAMPAIGN
CUS-000809,CREF-T9BDVW9PB,Jaipur,2025-10-09T21:34:00,INACTIVE,2026-06-25T07:46:48,REACTIVATION_CAMPAIGN
CUS-000810,CREF-6FN25JH53,Ahmedabad,2025-06-08T17:50:00,ACTIVE,,LOYALTY_PROGRAM
CUS-000811,CREF-3PWUM8CYP,Hyderabad,2025-09-24T11:32:00,ACTIVE,,ORGANIC
CUS-000812,CREF-RLF2RYGS7,Jaipur,2025-08-09T11:32:00,ACTIVE,,REACTIVATION_CAMPAIGN
CUS-000813,CREF-8743D833R,Jaipur,2025-08-16T20:31:00,ACTIVE,,PAID_AD
CUS-000814,CREF-ZH26L9A68,Delhi,2025-05-04T10:10:00,ACTIVE,,ORGANIC
CUS-000815,CREF-RTBZMMZNY,Hyderabad,2025-09-20T11:03:00,ACTIVE,,LOYALTY_PROGRAM
CUS-000816,CREF-53EHMGF6T,Kolkata,2025-09-16T13:12:00,ACTIVE,,PAID_AD
CUS-000817,CREF-PAM8RGF62,Delhi,2024-12-29T12:50:00,ACTIVE,,REACTIVATION_CAMPAIGN
CUS-000818,CREF-DNN6N3VKF,Ahmedabad,2025-04-29T13:08:00,ACTIVE,,PAID_AD
CUS-000819,CREF-43N5ZUJK6,Bengaluru,2024-11-07T14:06:00,ACTIVE,,REFERRAL
CUS-000820,CREF-ZZ2HQY5NZ,Mumbai,2025-01-21T12:23:00,ACTIVE,,REFERRAL
CUS-000821,CREF-2KV4MMVSC,Hyderabad,2025-09-15T16:40:00,ACTIVE,,ORGANIC
CUS-000822,CREF-YRKLJ9TUG,Ahmedabad,2025-03-25T15:37:00,ACTIVE,,REFERRAL
CUS-000823,CREF-6HDUG23HJ,Hyderabad,2025-11-25T15:18:00,ACTIVE,,ORGANIC
CUS-000824,CREF-J3YQX6UZF,Pune,2025-02-13T20:06:00,ACTIVE,,LOYALTY_PROGRAM
CUS-000825,CREF-TVGW7BHSE,Delhi,2025-06-03T15:58:00,ACTIVE,,REFERRAL
CUS-000826,CREF-NA85PZXCY,Ahmedabad,2025-02-14T19:12:00,ACTIVE,,PAID_AD
CUS-000827,CREF-Z7X8TZXVL,Kolkata,2025-10-04T11:29:00,ACTIVE,,ORGANIC
CUS-000828,CREF-YSUZ6VW7V,Pune,2025-02-22T14:41:00,ACTIVE,,ORGANIC
CUS-000829,CREF-TN63JM7ND,Pune,2025-08-30T16:37:00,ACTIVE,,ONBOARDING_PARTNER
CUS-000830,CREF-R3MK823EJ,Hyderabad,2025-05-16T12:30:00,ACTIVE,,ORGANIC
CUS-000831,CREF-WKCJM84TC,Kolkata,2025-01-27T20:01:00,ACTIVE,,ORGANIC
CUS-000832,CREF-F4FDM9U63,Mumbai,2025-06-13T21:27:00,ACTIVE,,ORGANIC
CUS-000833,CREF-ANFYP2AMA,Hyderabad,2025-02-08T13:17:00,ACTIVE,,ONBOARDING_PARTNER
CUS-000834,CREF-USGMX3NJJ,Delhi,2025-09-15T13:34:00,ACTIVE,,LOYALTY_PROGRAM
CUS-000835,CREF-38UNJ9YKT,Ahmedabad,2025-01-09T10:52:00,ACTIVE,,ONBOARDING_PARTNER
CUS-000836,CREF-HQBGS8HP4,Kolkata,2025-08-25T13:21:00,ACTIVE,,ONBOARDING_PARTNER
CUS-000837,CREF-WN4AC2U5C,Hyderabad,2025-01-12T15:20:00,ACTIVE,,LOYALTY_PROGRAM
CUS-000838,CREF-83S9FC3G4,Delhi,2025-09-09T20:34:00,ACTIVE,,ORGANIC
CUS-000839,CREF-RLYMDP6SS,Mumbai,2025-01-23T11:17:00,ACTIVE,,ORGANIC
CUS-000840,CREF-8THMB292X,Kolkata,2025-06-08T09:55:00,ACTIVE,,ONBOARDING_PARTNER
CUS-000841,CREF-Q4RPMPNTA,Bengaluru,2025-04-13T08:09:00,ACTIVE,,ORGANIC
CUS-000842,CREF-HZE3KBL5D,Bengaluru,2025-03-15T16:51:00,ACTIVE,,ONBOARDING_PARTNER
CUS-000843,CREF-Y5QTPBAHJ,Mumbai,2025-04-07T14:04:00,ACTIVE,,LOYALTY_PROGRAM
CUS-000844,CREF-9BKBBX7YA,Kolkata,2025-03-20T18:02:00,INACTIVE,2026-09-30T12:00:00,ORGANIC
CUS-000845,CREF-FCF96N5AK,Chennai,2025-06-23T12:45:00,ACTIVE,,ORGANIC
CUS-000846,CREF-6XHDS4PN8,Hyderabad,2025-06-22T09:02:00,ACTIVE,,ONBOARDING_PARTNER
CUS-000847,CREF-4RFB3NAKH,Kolkata,2025-12-02T08:12:00,ACTIVE,,REACTIVATION_CAMPAIGN
CUS-000848,CREF-BLZWFXH2P,Ahmedabad,2025-01-08T12:06:00,ACTIVE,,REFERRAL
CUS-000849,CREF-K75R3Y9MQ,Delhi,2025-02-16T09:30:00,ACTIVE,,ORGANIC
CUS-000850,CREF-L76RVA83W,Hyderabad,2024-12-28T09:10:00,ACTIVE,,ORGANIC
CUS-000851,CREF-QEBRTVSPJ,Hyderabad,2025-07-13T10:40:00,ACTIVE,,ORGANIC
CUS-000852,CREF-XX9KW529R,Chennai,2025-08-10T19:42:00,ACTIVE,,PAID_AD
CUS-000853,CREF-GXKKKK4XD,Mumbai,2025-06-02T18:12:00,ACTIVE,,ORGANIC
CUS-000854,CREF-6CPFJ4T7B,Kolkata,2025-09-29T20:39:00,ACTIVE,,REFERRAL
CUS-000855,CREF-6PQ6P8E3F,Ahmedabad,2025-04-04T09:50:00,ACTIVE,,REACTIVATION_CAMPAIGN
CUS-000856,CREF-4H3388J8C,Jaipur,2025-04-03T08:08:00,ACTIVE,,ORGANIC
CUS-000857,CREF-J5DMZSP36,Bengaluru,2025-01-07T20:45:00,ACTIVE,,ONBOARDING_PARTNER
CUS-000858,CREF-7VV5PY2LV,Kolkata,2025-07-26T12:39:00,ACTIVE,,ORGANIC
CUS-000859,CREF-6W262KGK2,Kolkata,2025-01-18T16:10:00,ACTIVE,,REACTIVATION_CAMPAIGN
CUS-000860,CREF-YFSZ82QAQ,Bengaluru,2024-12-28T19:56:00,ACTIVE,,ORGANIC
CUS-000861,CREF-MB9GHK7QQ,Mumbai,2025-11-25T19:37:00,ACTIVE,,ORGANIC
CUS-000862,CREF-6Z8J4FUBZ,Pune,2025-05-17T21:42:00,ACTIVE,,LOYALTY_PROGRAM
CUS-000863,CREF-LFT8E7UEP,Delhi,2025-10-01T12:03:00,ACTIVE,,REFERRAL
CUS-000864,CREF-98UZ89ZRJ,Hyderabad,2025-03-31T10:00:00,ACTIVE,,ORGANIC
CUS-000865,CREF-LW3NP2AF3,Hyderabad,2025-09-23T14:50:00,ACTIVE,,ORGANIC
CUS-000866,CREF-45R7TYE9S,Mumbai,2025-01-21T14:28:00,ACTIVE,,LOYALTY_PROGRAM
CUS-000867,CREF-FUHJ3CYYD,Kolkata,2025-11-01T16:10:00,ACTIVE,,PAID_AD
CUS-000868,CREF-ZAM9G6XQU,Bengaluru,2025-12-02T19:44:00,ACTIVE,,REFERRAL
CUS-000869,CREF-9QAMS764J,Delhi,2025-03-19T19:31:00,ACTIVE,,PAID_AD
CUS-000870,CREF-4XFCDL5VV,Mumbai,2025-11-15T13:36:00,ACTIVE,,PAID_AD
CUS-000871,CREF-N4QM3TANX,Ahmedabad,2025-12-07T15:49:00,ACTIVE,,PAID_AD
CUS-000872,CREF-6MPWJX56F,Delhi,2025-10-14T11:44:00,ACTIVE,,REACTIVATION_CAMPAIGN
CUS-000873,CREF-EBCE7B56D,Kolkata,2025-07-18T19:37:00,ACTIVE,,REFERRAL
CUS-000874,CREF-YYYGSV5M6,Delhi,2025-10-22T14:43:00,ACTIVE,,REFERRAL
CUS-000875,CREF-RFLB7F38Y,Hyderabad,2025-08-03T08:47:00,ACTIVE,,REFERRAL
CUS-000876,CREF-TGLN2RAVB,Hyderabad,2025-09-01T15:33:00,ACTIVE,,ORGANIC
CUS-000877,CREF-EMX3N5FXZ,Bengaluru,2024-12-30T16:37:00,ACTIVE,,ORGANIC
CUS-000878,CREF-58QKPSPEK,Chennai,2025-11-16T15:28:00,ACTIVE,,REFERRAL
CUS-000879,CREF-72GEFE5G8,Kolkata,2025-05-29T10:41:00,ACTIVE,,ONBOARDING_PARTNER
CUS-000880,CREF-TBN7HMHPR,Pune,2024-11-15T14:43:00,ACTIVE,,ORGANIC
CUS-000881,CREF-YAH7M4Q3T,Delhi,2024-11-23T16:44:00,ACTIVE,,ORGANIC
CUS-000882,CREF-DJ5UU4RLV,Kolkata,2025-04-10T16:29:00,INACTIVE,2026-09-30T12:00:00,PAID_AD
CUS-000883,CREF-TSNHKVRBP,Delhi,2025-03-14T08:25:00,ACTIVE,,REACTIVATION_CAMPAIGN
CUS-000884,CREF-LZMEY4QBT,Pune,2024-12-26T19:00:00,ACTIVE,,REFERRAL
CUS-000885,CREF-NDQMBNKHE,Mumbai,2025-11-29T08:28:00,ACTIVE,,REFERRAL
CUS-000886,CREF-KH9KDSG78,Hyderabad,2025-06-08T18:26:00,ACTIVE,,LOYALTY_PROGRAM
CUS-000887,CREF-QT86P76EQ,Ahmedabad,2025-06-04T11:30:00,ACTIVE,,LOYALTY_PROGRAM
CUS-000888,CREF-SKPV5DS8Q,Bengaluru,2024-11-13T13:57:00,ACTIVE,,ORGANIC
CUS-000889,CREF-BGBZDAF3F,Mumbai,2025-11-07T18:56:00,ACTIVE,,PAID_AD
CUS-000890,CREF-4TQWJRRKD,Delhi,2025-10-08T15:45:00,ACTIVE,,LOYALTY_PROGRAM
CUS-000891,CREF-N4273ZXWW,Hyderabad,2025-04-25T12:07:00,ACTIVE,,PAID_AD
CUS-000892,CREF-ZU26BJYSX,Bengaluru,2025-11-28T17:46:00,ACTIVE,,ORGANIC
CUS-000893,CREF-YNGHDXPRU,Delhi,2025-04-05T16:43:00,ACTIVE,,REACTIVATION_CAMPAIGN
CUS-000894,CREF-MZ4GFUMXL,Mumbai,2025-10-17T16:52:00,ACTIVE,,PAID_AD
CUS-000895,CREF-CWGQ5EPME,Bengaluru,2025-03-13T19:56:00,ACTIVE,,LOYALTY_PROGRAM
CUS-000896,CREF-2NLHJQ35Q,Pune,2025-04-04T13:09:00,ACTIVE,,LOYALTY_PROGRAM
CUS-000897,CREF-ZCQ6QDFB7,Ahmedabad,2025-10-03T16:10:00,ACTIVE,,ORGANIC
CUS-000898,CREF-USQ5NCFYP,Hyderabad,2025-04-02T18:35:00,ACTIVE,,ONBOARDING_PARTNER
CUS-000899,CREF-YARYWM7A9,Chennai,2025-10-11T19:29:00,ACTIVE,,REFERRAL
CUS-000900,CREF-QQV29FTHS,Mumbai,2025-05-26T16:53:00,ACTIVE,,ORGANIC
CUS-000901,CREF-5K6Z4Y3EQ,Hyderabad,2025-03-06T16:09:00,ACTIVE,,ORGANIC
CUS-000902,CREF-584ZMK3M8,Chennai,2025-12-06T15:24:00,ACTIVE,,ONBOARDING_PARTNER
CUS-000903,CREF-W3CMRFNVX,Jaipur,2025-11-11T14:10:00,ACTIVE,,ONBOARDING_PARTNER
CUS-000904,CREF-3EGXK5UPH,Kolkata,2025-11-18T16:30:00,ACTIVE,,REFERRAL
CUS-000905,CREF-3AB39EZ9W,Chennai,2024-11-19T15:36:00,ACTIVE,,LOYALTY_PROGRAM
CUS-000906,CREF-2TWM5A3PL,Chennai,2025-06-04T18:12:00,ACTIVE,,REFERRAL
CUS-000907,CREF-MVNMMMULT,Hyderabad,2025-04-23T20:24:00,ACTIVE,,ORGANIC
CUS-000908,CREF-JGE7SGJAR,Jaipur,2025-08-27T20:02:00,ACTIVE,,PAID_AD
CUS-000909,CREF-LKUXCWF4M,Kolkata,2025-10-02T16:35:00,ACTIVE,,PAID_AD
CUS-000910,CREF-EZEC5DYNX,Delhi,2025-07-25T14:06:00,ACTIVE,,ORGANIC
CUS-000911,CREF-QWEBR4R6R,Chennai,2025-08-26T09:27:00,ACTIVE,,ORGANIC
CUS-000912,CREF-7NW33XTT9,Kolkata,2025-05-25T12:45:00,ACTIVE,,REACTIVATION_CAMPAIGN
CUS-000913,CREF-WL2KVW6K6,Ahmedabad,2025-07-08T13:47:00,ACTIVE,,ONBOARDING_PARTNER
CUS-000914,CREF-DG4V56PGW,Pune,2025-01-22T16:02:00,ACTIVE,,ORGANIC
CUS-000915,CREF-787DQCJAE,Chennai,2025-05-28T20:37:00,ACTIVE,,ORGANIC
CUS-000916,CREF-BA4X3SCTE,Hyderabad,2025-09-01T12:24:00,ACTIVE,,ONBOARDING_PARTNER
CUS-000917,CREF-BDZUXFHH6,Pune,2024-12-03T14:11:00,ACTIVE,,LOYALTY_PROGRAM
CUS-000918,CREF-EWHW3DN4F,Mumbai,2025-04-08T20:20:00,ACTIVE,,ORGANIC
CUS-000919,CREF-ZJMSENK5E,Pune,2025-04-24T20:46:00,ACTIVE,,PAID_AD
CUS-000920,CREF-PT3AKCDCP,Bengaluru,2025-07-17T16:22:00,ACTIVE,,ORGANIC
CUS-000921,CREF-RDB3QBHNX,Pune,2025-02-14T13:34:00,ACTIVE,,REFERRAL
CUS-000922,CREF-X2N67MZC9,Pune,2025-03-10T21:46:00,ACTIVE,,REACTIVATION_CAMPAIGN
CUS-000923,CREF-KXZH4JFGJ,Pune,2025-03-10T14:45:00,ACTIVE,,PAID_AD
CUS-000924,CREF-E5TEW9CMG,Bengaluru,2024-11-07T14:24:00,ACTIVE,,ONBOARDING_PARTNER
CUS-000925,CREF-5EYDDUPBF,Ahmedabad,2025-08-25T20:33:00,ACTIVE,,PAID_AD
CUS-000926,CREF-WHNALSSB5,Bengaluru,2025-04-05T16:05:00,ACTIVE,,ONBOARDING_PARTNER
CUS-000927,CREF-QDF278T4D,Chennai,2025-04-06T16:47:00,ACTIVE,,ORGANIC
CUS-000928,CREF-UEMCJ6AH8,Kolkata,2025-07-08T11:13:00,ACTIVE,,ORGANIC
CUS-000929,CREF-KJ7SGWAZT,Bengaluru,2025-06-06T09:02:00,ACTIVE,,ONBOARDING_PARTNER
CUS-000930,CREF-SX3DKXJ7Q,Kolkata,2024-12-05T19:27:00,ACTIVE,,ORGANIC
CUS-000931,CREF-Y7NFZPZAE,Pune,2025-02-01T18:29:00,ACTIVE,,LOYALTY_PROGRAM
CUS-000932,CREF-HXZ5UBU5A,Bengaluru,2025-07-13T16:44:00,ACTIVE,,LOYALTY_PROGRAM
CUS-000933,CREF-ZFHAFQKKE,Kolkata,2025-04-29T19:23:00,ACTIVE,,ORGANIC
CUS-000934,CREF-AGVGVKWEF,Chennai,2025-11-11T18:39:00,ACTIVE,,ONBOARDING_PARTNER
CUS-000935,CREF-6H5VQCYR3,Mumbai,2025-02-10T10:19:00,ACTIVE,,LOYALTY_PROGRAM
CUS-000936,CREF-XG6NX5UER,Delhi,2025-05-13T20:17:00,ACTIVE,,REFERRAL
CUS-000937,CREF-D38SWHXVK,Ahmedabad,2025-03-16T10:23:00,ACTIVE,,PAID_AD
CUS-000938,CREF-TR8SKUF33,Pune,2025-07-08T19:38:00,ACTIVE,,ORGANIC
CUS-000939,CREF-69KATSMQT,Kolkata,2025-06-12T08:15:00,ACTIVE,,ORGANIC
CUS-000940,CREF-74DTWXNCH,Delhi,2025-07-08T13:45:00,ACTIVE,,ORGANIC
CUS-000941,CREF-EQQDDGTSZ,Pune,2025-08-28T19:42:00,ACTIVE,,PAID_AD
CUS-000942,CREF-HWYEVFMKB,Mumbai,2024-11-30T20:12:00,ACTIVE,,PAID_AD
CUS-000943,CREF-XG9DCA58U,Chennai,2025-03-23T08:45:00,INACTIVE,2026-03-14T21:12:47,REFERRAL
CUS-000944,CREF-B485F2SYP,Mumbai,2024-12-22T18:40:00,ACTIVE,,ORGANIC
CUS-000945,CREF-WJPDSTLD6,Delhi,2025-10-21T15:57:00,ACTIVE,,ORGANIC
CUS-000946,CREF-HMW42QAR6,Kolkata,2025-02-15T21:22:00,ACTIVE,,LOYALTY_PROGRAM
CUS-000947,CREF-7KSCM5QCJ,Delhi,2024-12-10T18:29:00,ACTIVE,,REACTIVATION_CAMPAIGN
CUS-000948,CREF-5ZBRNVXPK,Hyderabad,2024-12-17T15:44:00,ACTIVE,,REFERRAL
CUS-000949,CREF-S6VKEMXWC,Pune,2025-05-16T17:15:00,ACTIVE,,ONBOARDING_PARTNER
CUS-000950,CREF-AVZAP8E2H,Mumbai,2025-04-14T16:23:00,ACTIVE,,ORGANIC
CUS-000951,CREF-8PCF72PR8,Bengaluru,2025-03-15T09:17:00,ACTIVE,,PAID_AD
CUS-000952,CREF-RSSBZF9RL,Delhi,2025-05-31T21:49:00,ACTIVE,,REFERRAL
CUS-000953,CREF-E7F74PLAN,Mumbai,2025-02-20T09:19:00,ACTIVE,,PAID_AD
CUS-000954,CREF-UKAJX7HEG,Hyderabad,2024-11-07T21:03:00,ACTIVE,,ORGANIC
CUS-000955,CREF-TGXPPJXH2,Mumbai,2025-10-24T17:34:00,ACTIVE,,ONBOARDING_PARTNER
CUS-000956,CREF-EDYU2XHNU,Mumbai,2025-11-24T19:40:00,ACTIVE,,ORGANIC
CUS-000957,CREF-CBQMC3AUH,Kolkata,2025-11-05T19:30:00,ACTIVE,,ORGANIC
CUS-000958,CREF-2VWQCFH5X,Chennai,2025-02-24T12:19:00,ACTIVE,,REFERRAL
CUS-000959,CREF-9NXL96JD6,Hyderabad,2025-01-01T12:14:00,ACTIVE,,PAID_AD
CUS-000960,CREF-LBNDVRGSC,Mumbai,2025-11-10T11:52:00,ACTIVE,,REACTIVATION_CAMPAIGN
CUS-000961,CREF-5WCMK2Z5M,Mumbai,2025-11-26T08:38:00,ACTIVE,,PAID_AD
CUS-000962,CREF-R3AVWHHNZ,Hyderabad,2025-10-09T13:28:00,ACTIVE,,PAID_AD
CUS-000963,CREF-PK6HXLJ5F,Jaipur,2025-03-26T16:56:00,ACTIVE,,ORGANIC
CUS-000964,CREF-KWYY75PXJ,Bengaluru,2025-10-17T13:34:00,ACTIVE,,LOYALTY_PROGRAM
CUS-000965,CREF-UNX9YPJ7L,Pune,2025-08-06T15:35:00,INACTIVE,2025-08-18T20:35:00,REACTIVATION_CAMPAIGN
CUS-000966,CREF-LD7KPAXWZ,Mumbai,2025-05-13T13:17:00,ACTIVE,,REFERRAL
CUS-000967,CREF-BU6UN93BE,Delhi,2025-06-12T14:40:00,ACTIVE,,ORGANIC
CUS-000968,CREF-QPK3KP7AD,Pune,2025-03-31T13:18:00,ACTIVE,,ORGANIC
CUS-000969,CREF-3UVWUWZG4,Kolkata,2025-10-10T09:24:00,ACTIVE,,REFERRAL
CUS-000970,CREF-JJCVPVHRW,Pune,2025-04-26T17:58:00,ACTIVE,,REACTIVATION_CAMPAIGN
CUS-000971,CREF-F9R4WF74C,Hyderabad,2025-04-18T18:43:00,ACTIVE,,ORGANIC
CUS-000972,CREF-ANFX42MJ3,Pune,2025-05-23T16:13:00,ACTIVE,,ONBOARDING_PARTNER
CUS-000973,CREF-8DH9P6HHN,Chennai,2025-12-04T08:45:00,ACTIVE,,ORGANIC
CUS-000974,CREF-6GFXCFLN7,Kolkata,2025-06-06T13:45:00,ACTIVE,,ORGANIC
CUS-000975,CREF-DRGAMM6N9,Pune,2025-06-18T15:49:00,ACTIVE,,REFERRAL
CUS-000976,CREF-5J57SY6GZ,Pune,2025-11-20T18:03:00,ACTIVE,,ONBOARDING_PARTNER
CUS-000977,CREF-AEL55RKP2,Pune,2025-10-08T16:40:00,ACTIVE,,ONBOARDING_PARTNER
CUS-000978,CREF-YMGQHQS4W,Hyderabad,2025-08-15T08:02:00,ACTIVE,,ONBOARDING_PARTNER
CUS-000979,CREF-TQ393S55Q,Delhi,2025-09-01T21:04:00,ACTIVE,,ORGANIC
CUS-000980,CREF-NDZFZKNQZ,Delhi,2025-08-15T15:17:00,ACTIVE,,REFERRAL
CUS-000981,CREF-Z55D84ADL,Hyderabad,2026-09-08T20:43:00,ACTIVE,,ORGANIC
CUS-000982,CREF-QKAF4XUY4,Mumbai,2026-04-17T09:09:00,ACTIVE,,PAID_AD
CUS-000983,CREF-DCNZ7YREU,Chennai,2026-08-14T14:42:00,ACTIVE,,LOYALTY_PROGRAM
CUS-000984,CREF-NQBBE8RCA,Mumbai,2026-08-12T08:16:00,ACTIVE,,ONBOARDING_PARTNER
CUS-000985,CREF-TJAR23RQY,Hyderabad,2026-08-11T10:03:00,ACTIVE,,ORGANIC
CUS-000986,CREF-VPWZGH6BJ,Kolkata,2026-06-01T18:02:00,ACTIVE,,REFERRAL
CUS-000987,CREF-G9GKFBJEE,Jaipur,2026-01-08T16:45:00,ACTIVE,,REFERRAL
CUS-000988,CREF-T295SG5X5,Kolkata,2026-01-19T15:59:00,ACTIVE,,ORGANIC
CUS-000989,CREF-CVKXQQJ2K,Delhi,2026-01-01T10:17:00,ACTIVE,,ORGANIC
CUS-000990,CREF-GQMA8ZJJH,Hyderabad,2026-03-11T21:14:00,ACTIVE,,ORGANIC
CUS-000991,CREF-LXFMHETVK,Chennai,2026-08-15T17:56:00,ACTIVE,,LOYALTY_PROGRAM
CUS-000992,CREF-G5YCAEH5J,Kolkata,2026-05-05T16:32:00,ACTIVE,,ORGANIC
CUS-000993,CREF-PQ7FG89KQ,Ahmedabad,2026-01-08T17:42:00,ACTIVE,,PAID_AD
CUS-000994,CREF-FR9ANPVMT,Pune,2026-03-08T11:18:00,ACTIVE,,REFERRAL
CUS-000995,CREF-DYLLYH3KC,Delhi,2026-04-15T08:50:00,ACTIVE,,REFERRAL
CUS-000996,CREF-NUFNF6U9K,Jaipur,2026-01-25T16:22:00,ACTIVE,,LOYALTY_PROGRAM
CUS-000997,CREF-HQRWZQ2UY,Kolkata,2026-03-17T10:43:00,ACTIVE,,ONBOARDING_PARTNER
CUS-000998,CREF-NNK8SNZ8N,Jaipur,2026-08-15T21:56:00,ACTIVE,,REFERRAL
CUS-000999,CREF-NQ66EQDX7,Jaipur,2026-01-24T21:09:00,ACTIVE,,ONBOARDING_PARTNER
CUS-001000,CREF-RQABGABAJ,Delhi,2026-08-10T12:03:00,ACTIVE,,ORGANIC
