merchant_id,store_name,category,city,default_margin_pct,created_at,is_active
MER-0001,Brew Junction,CAFE,Mumbai,32.00,2024-03-02T13:25:00,true
MER-0002,Saffron Tandoor House,RESTAURANT,Pune,28.00,2024-05-17T12:52:00,true
MER-0003,Glow & Mane Studio,SALON,Bengaluru,34.00,2024-12-23T11:30:00,true
MER-0004,Indigo Thread Apparel,CLOTHING,Hyderabad,38.00,2024-03-13T18:23:00,true
MER-0005,GreenLeaf Daily Mart,GROCERY,Delhi,12.00,2024-04-07T10:15:00,true
MER-0006,Crumb Theory Bakes,BAKERY,Chennai,30.00,2024-03-09T15:16:00,true
MER-0007,PulseForge Fitness,FITNESS,Ahmedabad,35.00,2024-04-05T12:53:00,true
MER-0008,VoltCave Electronics,ELECTRONICS,Jaipur,18.00,2024-02-05T15:27:00,true
MER-0009,Aura Beauty Lab,BEAUTY,Kolkata,36.00,2024-04-12T09:14:00,true
MER-0010,MediPlus Pharmacy,PHARMACY,Mumbai,15.00,2024-05-28T15:44:00,true
MER-0011,PawPal Pet Care,PET,Pune,32.00,2024-06-28T13:52:00,true
MER-0012,Chapter One Books,BOOKSTORE,Bengaluru,28.00,2024-05-20T14:43:00,true
MER-0013,Chai & Co Cafe,CAFE,Hyderabad,31.00,2024-01-01T18:21:00,true
MER-0014,Tandoori Nights,RESTAURANT,Delhi,27.00,2024-10-06T11:18:00,true
MER-0015,StyleMint Boutique,CLOTHING,Chennai,40.00,2024-09-26T18:55:00,true
MER-0016,FreshKart Supermarket,GROCERY,Ahmedabad,11.00,2024-07-04T12:08:00,true
MER-0017,Urban Grind Coffee,CAFE,Jaipur,33.00,2024-06-21T13:28:00,true
MER-0018,Curry Leaf Kitchen,RESTAURANT,Kolkata,26.00,2024-12-18T14:51:00,true
MER-0019,Zenith Electronics,ELECTRONICS,Mumbai,17.00,2024-12-01T12:03:00,false
MER-0020,Bloom Botanicals,BEAUTY,Mumbai,35.00,2024-10-23T18:37:00,false
