offer_id,merchant_id,name,discount_type,discount_value,minimum_spend,max_discount,start_time,expiry_time,budget,status,created_at,updated_at
OFR-0001,MER-0001,Flat 350 off above 4999,FIXED,350.00,4999.00,,2026-08-07T19:05:00,2026-08-17T19:05:00,8517.86,EXPIRED,2026-08-05T14:05:00,2026-08-08T17:36:00
OFR-0002,MER-0002,Save 600 on your next bill of 1499+,FIXED,600.00,1499.00,,2026-05-10T17:19:00,2026-05-28T17:19:00,20159.94,EXPIRED,2026-05-09T14:19:00,2026-05-12T17:53:00
OFR-0003,MER-0003,Get 5% off when you spend 9999+,PERCENTAGE,5.00,9999.00,240.00,2026-08-13T16:28:00,2026-08-27T16:28:00,27002.72,EXPIRED,2026-08-13T12:28:00,2026-08-15T15:57:00
OFR-0004,MER-0004,Save 2700 on your next bill of 9999+,FIXED,2700.00,9999.00,,2026-08-13T20:12:00,2026-08-27T20:12:00,28722.13,EXPIRED,2026-08-12T14:12:00,2026-08-12T17:22:00
OFR-0005,MER-0005,Save 900 on your next bill of 1199+,FIXED,900.00,1199.00,,2026-06-14T23:24:00,2026-07-05T23:24:00,13310.92,EXPIRED,2026-06-14T17:24:00,2026-06-17T17:55:00
OFR-0006,MER-0006,Rs 50 off on bills above 899,FIXED,50.00,899.00,,2026-09-22T17:54:00,2026-10-20T17:54:00,5069.56,ACTIVE,2026-09-22T17:54:00,2026-09-24T20:40:00
OFR-0007,MER-0007,Save 1700 on your next bill of 999+,FIXED,1700.00,999.00,,2026-03-11T20:49:00,2026-03-18T20:49:00,44341.91,EXPIRED,2026-03-11T17:49:00,2026-03-13T20:04:00
OFR-0008,MER-0008,Flat 6300 off above 499,FIXED,6300.00,499.00,,2026-03-27T18:25:00,2026-04-06T18:25:00,126986.31,EXPIRED,2026-03-26T18:25:00,2026-03-26T21:44:00
OFR-0009,MER-0009,Flat 25% off on orders above 699,PERCENTAGE,25.00,699.00,1600.00,2026-04-13T17:14:00,2026-04-25T17:14:00,27153.93,EXPIRED,2026-04-12T12:14:00,2026-04-13T14:18:00
OFR-0010,MER-0010,Flat 200 off above 499,FIXED,200.00,499.00,,2026-06-21T18:11:00,2026-07-19T18:11:00,15939.21,EXPIRED,2026-06-19T16:11:00,2026-06-19T16:49:00
OFR-0011,MER-0011,Save 700 on your next bill of 799+,FIXED,700.00,799.00,,2026-08-21T20:12:00,2026-09-08T20:12:00,8451.69,EXPIRED,2026-08-19T16:12:00,2026-08-21T18:25:00
OFR-0012,MER-0012,Rs 1700 off on bills above 499,FIXED,1700.00,499.00,,2026-03-24T16:30:00,2026-04-07T16:30:00,13963.65,EXPIRED,2026-03-23T12:30:00,2026-03-26T12:36:00
OFR-0013,MER-0013,Save 250 on your next bill of 2499+,FIXED,250.00,2499.00,,2026-08-09T22:02:00,2026-08-16T22:02:00,10603.72,EXPIRED,2026-08-08T17:02:00,2026-08-11T20:57:00
OFR-0014,MER-0014,Save 1100 on your next bill of 1499+,FIXED,1100.00,1499.00,,2026-05-09T15:32:00,2026-06-06T15:32:00,28619.47,EXPIRED,2026-05-07T14:32:00,2026-05-08T15:30:00
OFR-0015,MER-0015,Flat 15% off on orders above 1199,PERCENTAGE,15.00,1199.00,1440.00,2026-05-25T18:43:00,2026-06-12T18:43:00,24963.37,EXPIRED,2026-05-25T14:43:00,2026-05-25T14:44:00
OFR-0016,MER-0016,Save 700 on your next bill of 799+,FIXED,700.00,799.00,,2026-06-14T12:02:00,2026-07-05T12:02:00,18718.59,EXPIRED,2026-06-13T11:02:00,2026-06-16T13:25:00
OFR-0017,MER-0017,Flat 200 off above 599,FIXED,200.00,599.00,,2026-04-01T15:00:00,2026-04-29T15:00:00,8074.84,EXPIRED,2026-04-01T12:00:00,2026-04-01T15:31:00
OFR-0018,MER-0018,25% off above 1999,PERCENTAGE,25.00,1999.00,700.00,2026-02-13T17:17:00,2026-02-27T17:17:00,15276.04,EXPIRED,2026-02-12T11:17:00,2026-02-15T11:43:00
OFR-0019,MER-0019,Save 14100 on your next bill of 799+,FIXED,14100.00,799.00,,2026-03-07T14:36:00,2026-03-21T14:36:00,145900.46,EXPIRED,2026-03-07T13:36:00,2026-03-10T14:02:00
OFR-0020,MER-0020,Save 1000 on your next bill of 499+,FIXED,1000.00,499.00,,2026-01-06T17:43:00,2026-01-18T17:43:00,25379.37,EXPIRED,2026-01-05T14:43:00,2026-01-06T16:41:00
OFR-0021,MER-0001,Flat 250 off above 2499,FIXED,250.00,2499.00,,2026-03-12T14:14:00,2026-03-26T14:14:00,3579.57,EXPIRED,2026-03-09T05:14:00,2026-03-11T09:14:00
OFR-0022,MER-0001,Save 150 on your next bill of 1499+,FIXED,150.00,1499.00,,2026-04-08T15:20:00,2026-04-30T15:20:00,7000.24,EXPIRED,2026-03-30T03:20:00,2026-03-31T10:20:00
OFR-0023,MER-0001,Rs 300 off on bills above 9999,FIXED,300.00,9999.00,,2026-06-17T11:10:00,2026-06-27T11:10:00,5689.30,EXPIRED,2026-06-09T12:10:00,2026-06-12T03:10:00
OFR-0024,MER-0001,Get 5% off when you spend 699+,PERCENTAGE,5.00,699.00,38.00,2026-02-10T18:32:00,2026-02-25T18:32:00,7540.56,EXPIRED,2026-02-02T14:32:00,2026-02-05T12:32:00
OFR-0025,MER-0001,Flat 200 off above 1499,FIXED,200.00,1499.00,,2026-07-03T18:50:00,2026-07-18T18:50:00,400.00,EXPIRED,2026-06-29T19:50:00,2026-07-01T14:50:00
OFR-0026,MER-0001,Rs 100 off on bills above 599,FIXED,100.00,599.00,,2026-08-16T13:19:00,2026-09-09T13:19:00,4435.48,EXPIRED,2026-08-13T14:19:00,2026-08-14T11:19:00
OFR-0027,MER-0001,Flat 300 off above 799,FIXED,300.00,799.00,,2026-05-19T09:05:00,2026-06-05T09:05:00,4598.24,EXPIRED,2026-05-13T09:05:00,2026-05-15T03:05:00
OFR-0028,MER-0001,Flat 25% off on orders above 9999,PERCENTAGE,25.00,9999.00,190.00,2026-05-30T13:43:00,2026-06-16T13:43:00,6775.66,EXPIRED,2026-05-29T03:43:00,2026-05-31T05:43:00
OFR-0029,MER-0001,Rs 100 off on bills above 1199,FIXED,100.00,1199.00,,2026-09-22T11:54:00,2026-10-12T11:54:00,7584.51,ACTIVE,2026-09-14T00:54:00,2026-09-15T02:54:00
OFR-0030,MER-0001,Save 300 on your next bill of 799+,FIXED,300.00,799.00,,2026-09-30T09:34:00,2026-10-18T23:59:59,3897.05,ACTIVE,2026-09-22T11:34:00,2026-09-25T06:34:00
OFR-0031,MER-0001,Flat 250 off above 9999,FIXED,250.00,9999.00,,2026-09-04T12:50:00,2026-09-18T12:50:00,4695.96,EXPIRED,2026-08-30T12:50:00,2026-09-03T03:50:00
OFR-0032,MER-0001,Flat 15% off on orders above 4999,PERCENTAGE,15.00,4999.00,114.00,2026-09-29T13:38:00,2026-10-11T13:38:00,3092.52,ACTIVE,2026-09-20T18:38:00,2026-09-22T04:38:00
OFR-0033,MER-0001,Flat 150 off above 2499,FIXED,150.00,2499.00,,2026-09-30T17:57:00,2026-10-09T17:57:00,7042.28,ACTIVE,2026-09-20T22:57:00,2026-09-22T10:57:00
OFR-0034,MER-0001,Rs 200 off on bills above 1199,FIXED,200.00,1199.00,,2026-09-30T14:00:00,2026-10-18T23:59:59,3000.00,ACTIVE,2026-09-22T04:00:00,2026-09-22T06:00:00
OFR-0035,MER-0002,Rs 1400 off on bills above 499,FIXED,1400.00,499.00,,2025-12-26T13:10:00,2025-12-30T13:10:00,24709.37,EXPIRED,2026-01-01T08:00:00,2026-01-03T08:00:00
OFR-0036,MER-0002,Flat 20% off on orders above 2499,PERCENTAGE,20.00,2499.00,560.00,2026-04-11T15:09:00,2026-05-03T15:09:00,21712.84,EXPIRED,2026-03-29T18:09:00,2026-04-01T08:09:00
OFR-0037,MER-0002,Rs 400 off on bills above 899,FIXED,400.00,899.00,,2026-07-21T13:35:00,2026-08-06T13:35:00,25542.20,EXPIRED,2026-07-15T05:35:00,2026-07-16T10:35:00
OFR-0038,MER-0002,Rs 600 off on bills above 1499,FIXED,600.00,1499.00,,2026-01-07T14:15:00,2026-01-20T14:15:00,14241.41,EXPIRED,2026-01-03T06:15:00,2026-01-03T09:15:00
OFR-0039,MER-0003,Flat 500 off above 999,FIXED,500.00,999.00,,2026-02-05T09:01:00,2026-02-18T09:01:00,47992.25,EXPIRED,2026-01-26T10:01:00,2026-01-27T06:01:00
OFR-0040,MER-0003,Flat 20% off on orders above 1499,PERCENTAGE,20.00,1499.00,960.00,2026-05-18T13:43:00,2026-05-29T13:43:00,35062.89,EXPIRED,2026-05-14T06:43:00,2026-05-16T12:43:00
OFR-0041,MER-0003,Save 2100 on your next bill of 799+,FIXED,2100.00,799.00,,2026-08-01T18:57:00,2026-08-25T18:57:00,37332.51,EXPIRED,2026-07-23T08:57:00,2026-07-25T16:57:00
OFR-0042,MER-0003,Save 2400 on your next bill of 499+,FIXED,2400.00,499.00,,2026-02-13T09:33:00,2026-03-01T09:33:00,45481.59,EXPIRED,2026-02-09T01:33:00,2026-02-10T05:33:00
OFR-0043,MER-0004,Save 1600 on your next bill of 4999+,FIXED,1600.00,4999.00,,2026-03-14T17:45:00,2026-03-22T17:45:00,39890.85,EXPIRED,2026-03-08T12:45:00,2026-03-11T13:45:00
OFR-0044,MER-0004,20% off above 4999,PERCENTAGE,20.00,4999.00,1920.00,2026-06-25T09:57:00,2026-07-10T09:57:00,600.00,EXPIRED,2026-06-13T12:57:00,2026-06-17T00:57:00
OFR-0045,MER-0004,Flat 3800 off above 499,FIXED,3800.00,499.00,,2026-09-10T09:09:00,2026-09-18T09:09:00,60544.80,EXPIRED,2026-09-04T16:09:00,2026-09-06T03:09:00
OFR-0046,MER-0004,Save 3700 on your next bill of 499+,FIXED,3700.00,499.00,,2026-03-16T18:49:00,2026-03-20T18:49:00,82169.10,EXPIRED,2026-03-11T02:49:00,2026-03-12T17:49:00
OFR-0047,MER-0005,Save 200 on your next bill of 799+,FIXED,200.00,799.00,,2026-04-21T18:38:00,2026-05-06T18:38:00,23884.96,EXPIRED,2026-04-10T22:38:00,2026-04-11T14:38:00
OFR-0048,MER-0005,Flat 20% off on orders above 1999,PERCENTAGE,20.00,1999.00,640.00,2026-07-04T17:22:00,2026-07-25T17:22:00,31731.78,EXPIRED,2026-07-01T11:22:00,2026-07-03T14:22:00
OFR-0049,MER-0005,Rs 1400 off on bills above 499,FIXED,1400.00,499.00,,2026-01-17T16:41:00,2026-02-08T16:41:00,28925.26,EXPIRED,2026-01-07T08:41:00,2026-01-08T12:41:00
OFR-0050,MER-0005,Flat 500 off above 799,FIXED,500.00,799.00,,2026-03-31T09:19:00,2026-04-17T09:19:00,30592.78,EXPIRED,2026-03-23T10:19:00,2026-03-25T02:19:00
OFR-0051,MER-0006,Save 350 on your next bill of 699+,FIXED,350.00,699.00,,2026-05-01T12:46:00,2026-05-24T12:46:00,5470.94,EXPIRED,2026-04-26T01:46:00,2026-04-26T05:46:00
OFR-0052,MER-0006,15% off above 899,PERCENTAGE,15.00,899.00,144.00,2026-08-12T17:51:00,2026-08-28T17:51:00,7542.63,EXPIRED,2026-08-01T13:51:00,2026-08-04T11:51:00
OFR-0053,MER-0006,Save 250 on your next bill of 4999+,FIXED,250.00,4999.00,,2026-02-22T09:11:00,2026-03-04T09:11:00,6816.85,EXPIRED,2026-02-13T08:11:00,2026-02-14T03:11:00
OFR-0054,MER-0006,Save 150 on your next bill of 1499+,FIXED,150.00,1499.00,,2026-05-07T17:42:00,2026-05-17T17:42:00,7657.47,EXPIRED,2026-04-29T02:42:00,2026-05-01T16:42:00
OFR-0055,MER-0007,Flat 1700 off above 1499,FIXED,1700.00,1499.00,,2026-06-08T17:38:00,2026-06-22T17:38:00,65086.02,EXPIRED,2026-06-02T20:38:00,2026-06-04T11:38:00
OFR-0056,MER-0007,25% off above 999,PERCENTAGE,25.00,999.00,1800.00,2026-09-20T16:35:00,2026-10-01T16:35:00,64895.38,EXPIRED,2026-09-16T15:35:00,2026-09-19T10:35:00
OFR-0057,MER-0007,Rs 1200 off on bills above 1499,FIXED,1200.00,1499.00,,2026-02-28T18:07:00,2026-03-04T18:07:00,64224.45,EXPIRED,2026-02-24T02:07:00,2026-02-24T17:07:00
OFR-0058,MER-0007,Save 1700 on your next bill of 1999+,FIXED,1700.00,1999.00,,2026-06-15T13:47:00,2026-07-05T13:47:00,50454.26,EXPIRED,2026-06-10T01:47:00,2026-06-12T08:47:00
OFR-0059,MER-0008,Save 8500 on your next bill of 499+,FIXED,8500.00,499.00,,2026-07-16T16:01:00,2026-07-31T16:01:00,258888.92,EXPIRED,2026-07-11T20:01:00,2026-07-15T12:01:00
OFR-0060,MER-0008,Flat 10% off on orders above 499,PERCENTAGE,10.00,499.00,4000.00,2025-12-31T13:38:00,2026-01-23T13:38:00,377374.39,EXPIRED,2026-01-01T21:00:00,2026-01-04T08:00:00
OFR-0061,MER-0008,Save 2300 on your next bill of 999+,FIXED,2300.00,999.00,,2026-04-12T10:42:00,2026-05-04T10:42:00,360685.52,EXPIRED,2026-04-01T05:42:00,2026-04-03T08:42:00
OFR-0062,MER-0008,Get 10% off when you spend 2499+,PERCENTAGE,10.00,2499.00,4000.00,2026-07-23T17:53:00,2026-08-11T17:53:00,359831.54,EXPIRED,2026-07-18T19:53:00,2026-07-19T16:53:00
OFR-0063,MER-0009,Save 1500 on your next bill of 499+,FIXED,1500.00,499.00,,2026-08-21T09:36:00,2026-09-14T09:36:00,400.00,EXPIRED,2026-08-11T16:36:00,2026-08-15T02:36:00
OFR-0064,MER-0009,Get 10% off when you spend 899+,PERCENTAGE,10.00,899.00,640.00,2026-02-07T14:24:00,2026-02-23T14:24:00,43574.93,EXPIRED,2026-02-03T14:24:00,2026-02-06T12:24:00
OFR-0065,MER-0009,Save 2300 on your next bill of 499+,FIXED,2300.00,499.00,,2026-05-19T11:41:00,2026-06-03T11:41:00,31546.80,EXPIRED,2026-05-07T18:41:00,2026-05-11T05:41:00
OFR-0066,MER-0009,Save 3000 on your next bill of 4999+,FIXED,3000.00,4999.00,,2026-08-04T12:04:00,2026-08-17T12:04:00,25989.38,EXPIRED,2026-07-31T02:04:00,2026-08-01T08:04:00
OFR-0067,MER-0010,Flat 400 off above 499,FIXED,400.00,499.00,,2026-09-03T10:44:00,2026-09-23T10:44:00,23318.96,EXPIRED,2026-08-28T04:44:00,2026-08-29T09:44:00
OFR-0068,MER-0010,Get 5% off when you spend 1199+,PERCENTAGE,5.00,1199.00,120.00,2026-03-10T13:46:00,2026-03-14T13:46:00,18123.75,EXPIRED,2026-03-02T22:46:00,2026-03-05T09:46:00
OFR-0069,MER-0010,Flat 500 off above 599,FIXED,500.00,599.00,,2026-05-29T16:51:00,2026-06-08T16:51:00,22517.05,EXPIRED,2026-05-22T07:51:00,2026-05-24T12:51:00
OFR-0070,MER-0010,Save 300 on your next bill of 999+,FIXED,300.00,999.00,,2026-09-10T13:21:00,2026-09-24T13:21:00,13939.78,EXPIRED,2026-09-05T04:21:00,2026-09-06T09:21:00
OFR-0071,MER-0011,Flat 1400 off above 499,FIXED,1400.00,499.00,,2026-01-09T11:15:00,2026-02-02T11:15:00,29801.98,EXPIRED,2026-01-05T03:15:00,2026-01-05T05:15:00
OFR-0072,MER-0011,Get 5% off when you spend 499+,PERCENTAGE,5.00,499.00,180.00,2026-04-22T09:38:00,2026-05-11T09:38:00,20494.19,EXPIRED,2026-04-11T20:38:00,2026-04-14T08:38:00
OFR-0073,MER-0011,Save 1500 on your next bill of 499+,FIXED,1500.00,499.00,,2026-07-05T15:51:00,2026-07-26T15:51:00,26615.33,EXPIRED,2026-06-25T04:51:00,2026-06-28T11:51:00
OFR-0074,MER-0011,Rs 1100 off on bills above 1199,FIXED,1100.00,1199.00,,2026-01-17T15:26:00,2026-01-29T15:26:00,25329.41,EXPIRED,2026-01-13T23:26:00,2026-01-16T11:26:00
OFR-0075,MER-0012,Flat 1000 off above 999,FIXED,1000.00,999.00,,2026-02-18T12:50:00,2026-03-01T12:50:00,28208.27,EXPIRED,2026-02-08T04:50:00,2026-02-09T07:50:00
OFR-0076,MER-0012,20% off above 1499,PERCENTAGE,20.00,1499.00,800.00,2026-05-02T16:11:00,2026-05-18T16:11:00,32965.07,EXPIRED,2026-04-29T00:11:00,2026-04-30T09:11:00
OFR-0077,MER-0012,Flat 1800 off above 499,FIXED,1800.00,499.00,,2026-08-12T18:28:00,2026-09-02T18:28:00,38446.27,EXPIRED,2026-08-05T01:28:00,2026-08-07T10:28:00
OFR-0078,MER-0012,Save 1400 on your next bill of 9999+,FIXED,1400.00,9999.00,,2026-02-23T11:20:00,2026-03-08T11:20:00,39222.07,EXPIRED,2026-02-15T11:20:00,2026-02-18T03:20:00
OFR-0079,MER-0013,Flat 350 off above 799,FIXED,350.00,799.00,,2026-03-20T11:43:00,2026-03-24T11:43:00,4015.67,EXPIRED,2026-03-17T01:43:00,2026-03-17T07:43:00
OFR-0080,MER-0013,10% off above 2499,PERCENTAGE,10.00,2499.00,76.00,2026-06-10T15:47:00,2026-06-29T15:47:00,3092.54,EXPIRED,2026-06-03T03:47:00,2026-06-05T14:47:00
OFR-0081,MER-0013,Flat 300 off above 1499,FIXED,300.00,1499.00,,2026-09-20T11:14:00,2026-10-13T11:14:00,3448.31,ACTIVE,2026-09-10T01:14:00,2026-09-13T03:14:00
OFR-0082,MER-0013,Flat 100 off above 999,FIXED,100.00,999.00,,2026-03-04T13:33:00,2026-03-17T13:33:00,600.00,EXPIRED,2026-02-23T08:33:00,2026-02-24T07:33:00
OFR-0083,MER-0014,Save 1200 on your next bill of 999+,FIXED,1200.00,999.00,,2026-04-05T13:00:00,2026-04-25T13:00:00,22912.90,EXPIRED,2026-03-28T11:00:00,2026-03-30T06:00:00
OFR-0084,MER-0014,Flat 5% off on orders above 599,PERCENTAGE,5.00,599.00,140.00,2026-07-17T15:11:00,2026-07-30T15:11:00,22672.45,EXPIRED,2026-07-13T19:11:00,2026-07-15T12:11:00
OFR-0085,MER-0014,Rs 1200 off on bills above 2499,FIXED,1200.00,2499.00,,2025-12-31T09:40:00,2026-01-10T09:40:00,24046.25,EXPIRED,2026-01-02T06:00:00,2026-01-02T08:00:00
OFR-0086,MER-0015,Flat 4700 off above 799,FIXED,4700.00,799.00,,2026-05-13T11:43:00,2026-05-28T11:43:00,56428.56,EXPIRED,2026-05-04T18:43:00,2026-05-07T08:43:00
OFR-0087,MER-0015,Flat 4600 off above 999,FIXED,4600.00,999.00,,2026-08-24T15:35:00,2026-09-08T15:35:00,76634.46,EXPIRED,2026-08-12T20:35:00,2026-08-15T07:35:00
OFR-0088,MER-0015,Get 5% off when you spend 599+,PERCENTAGE,5.00,599.00,480.00,2026-02-07T17:57:00,2026-02-17T17:57:00,70587.79,EXPIRED,2026-02-04T01:57:00,2026-02-06T13:57:00
OFR-0089,MER-0016,Rs 700 off on bills above 2499,FIXED,700.00,2499.00,,2026-06-19T13:20:00,2026-07-12T13:20:00,13368.81,EXPIRED,2026-06-12T18:20:00,2026-06-16T06:20:00
OFR-0090,MER-0016,Rs 600 off on bills above 799,FIXED,600.00,799.00,,2026-08-31T13:57:00,2026-09-04T13:57:00,20461.83,EXPIRED,2026-09-02T04:57:00,2026-09-04T11:57:00
OFR-0091,MER-0016,Rs 800 off on bills above 1499,FIXED,800.00,1499.00,,2026-03-16T12:08:00,2026-03-29T12:08:00,29121.15,EXPIRED,2026-03-10T11:08:00,2026-03-14T03:08:00
OFR-0092,MER-0017,25% off above 699,PERCENTAGE,25.00,699.00,190.00,2026-06-30T09:08:00,2026-07-14T09:08:00,6385.28,EXPIRED,2026-06-25T17:08:00,2026-06-29T08:08:00
OFR-0093,MER-0017,Flat 100 off above 499,FIXED,100.00,499.00,,2026-01-12T16:29:00,2026-02-03T16:29:00,6055.43,EXPIRED,2026-01-09T06:29:00,2026-01-11T09:29:00
OFR-0094,MER-0017,Flat 100 off above 699,FIXED,100.00,699.00,,2026-04-21T16:04:00,2026-05-08T16:04:00,7237.21,EXPIRED,2026-04-12T03:04:00,2026-04-15T10:04:00
OFR-0095,MER-0018,Save 400 on your next bill of 799+,FIXED,400.00,799.00,,2026-08-06T11:08:00,2026-08-21T11:08:00,15755.79,EXPIRED,2026-08-02T12:08:00,2026-08-04T03:08:00
OFR-0096,MER-0018,10% off above 4999,PERCENTAGE,10.00,4999.00,280.00,2026-02-17T12:38:00,2026-03-02T12:38:00,11075.61,EXPIRED,2026-02-13T05:38:00,2026-02-14T11:38:00
OFR-0097,MER-0018,Save 400 on your next bill of 499+,FIXED,400.00,499.00,,2026-05-02T10:32:00,2026-05-23T10:32:00,19520.08,EXPIRED,2026-04-25T19:32:00,2026-04-27T08:32:00
