customer_id,customer_name,phone_masked,created_at,is_active
C000001,Customer FW3ACPQEN,88XXXXXX51,2025-09-20T19:49:00,true
C000002,Customer DY2W5NYM3,93XXXXXX25,2025-02-16T15:52:00,true
C000003,Customer A2L3YQYNS,76XXXXXX70,2025-04-27T17:22:00,true
C000004,Customer ANB2SVCZK,87XXXXXX47,2025-07-06T10:42:00,true
C000005,Customer KKSE3W72J,78XXXXXX13,2025-10-08T14:10:00,true
C000006,Customer 7XYEDMFF8,81XXXXXX27,2025-11-18T08:57:00,true
C000007,Customer 2H8SJSBNV,70XXXXXX79,2025-03-06T20:00:00,true
C000008,Customer KWDYNLPZW,79XXXXXX66,2025-01-04T17:17:00,true
C000009,Customer 6R62ZYP8H,90XXXXXX44,2025-01-01T21:02:00,true
C000010,Customer KMVBUH55E,87XXXXXX50,2025-04-01T21:34:00,true
C000011,Customer KL762MMEZ,72XXXXXX20,2025-05-02T14:12:00,true
C000012,Customer LB78SAZA6,82XXXXXX92,2025-03-13T14:40:00,true
C000013,Customer M74DDGBJE,78XXXXXX39,2024-11-18T14:39:00,true
C000014,Customer GYBWV9G24,84XXXXXX20,2025-07-25T17:07:00,true
C000015,Customer PX73D9SUW,75XXXXXX61,2024-11-26T13:32:00,true
C000016,Customer VFXCMQQQ8,99XXXXXX53,2025-02-25T13:00:00,true
C000017,Customer 3RCUP7QJ7,70XXXXXX80,2025-04-12T10:42:00,true
C000018,Customer YDAP7V8J3,97XXXXXX95,2025-11-29T09:37:00,true
C000019,Customer UJAAVXSSM,99XXXXXX52,2024-11-10T15:00:00,true
C000020,Customer C6HJALCG5,78XXXXXX33,2025-09-24T13:37:00,true
C000021,Customer NAFPDWM6G,88XXXXXX22,2025-09-02T17:09:00,true
C000022,Customer JFJTLQPQY,99XXXXXX57,2024-11-17T16:06:00,true
C000023,Customer J7SST2FCU,89XXXXXX14,2025-02-27T17:13:00,true
C000024,Customer 5X35PX8H5,99XXXXXX84,2025-09-01T20:02:00,true
C000025,Customer YHARTN7ZJ,82XXXXXX10,2025-09-20T20:46:00,true
C000026,Customer ACRGCGWA6,94XXXXXX55,2025-07-02T21:31:00,true
C000027,Customer QTQUG5HJ8,97XXXXXX51,2025-04-09T20:38:00,true
C000028,Customer KTVUZSG66,85XXXXXX84,2025-09-08T11:45:00,true
C000029,Customer J3FSYEBZ2,92XXXXXX44,2025-10-05T13:39:00,true
C000030,Customer 9FR3YKT6T,87XXXXXX48,2025-05-31T08:07:00,true
C000031,Customer NS8HZ6J8B,80XXXXXX42,2025-05-16T19:47:00,true
C000032,Customer VDQXHBQGU,89XXXXXX23,2025-07-11T17:40:00,true
C000033,Customer M8KH6W8RY,91XXXXXX99,2025-01-24T14:31:00,true
C000034,Customer FTRQR38SN,74XXXXXX73,2024-11-07T19:17:00,true
C000035,Customer MPE3NJAKZ,85XXXXXX18,2025-07-03T18:07:00,true
C000036,Customer 26JNFB562,77XXXXXX37,2025-05-28T14:16:00,true
C000037,Customer 2DGDZRAJE,82XXXXXX16,2025-02-09T10:43:00,false
C000038,Customer DCH63U3UD,97XXXXXX54,2025-05-22T17:03:00,true
C000039,Customer MUZ7VC5HH,79XXXXXX85,2025-08-19T13:28:00,true
C000040,Customer J24FGQLYD,99XXXXXX41,2025-07-09T10:47:00,true
C000041,Customer MZWTENVUP,71XXXXXX85,2025-04-21T17:13:00,true
C000042,Customer ANFVX42R4,94XXXXXX40,2025-07-30T11:01:00,true
C000043,Customer A6YUPTK4J,82XXXXXX99,2024-12-02T21:45:00,true
C000044,Customer CZ7UTJUK4,78XXXXXX23,2025-10-19T17:51:00,true
C000045,Customer C4SA26U35,80XXXXXX12,2025-05-02T17:50:00,true
C000046,Customer FR4PFRT4H,86XXXXXX61,2025-08-19T17:33:00,false
C000047,Customer K4N69XYU2,91XXXXXX31,2025-01-16T11:49:00,true
C000048,Customer BQBNPWXY2,95XXXXXX85,2025-05-02T11:28:00,true
C000049,Customer AHZJA26L9,88XXXXXX44,2025-11-14T10:45:00,true
C000050,Customer XQNCK4NW3,86XXXXXX18,2025-04-11T21:26:00,false
C000051,Customer PVJXJDWUL,99XXXXXX74,2025-03-02T13:27:00,true
C000052,Customer X8EUX9NVX,79XXXXXX34,2025-01-10T10:22:00,true
C000053,Customer AKZMPECT6,80XXXXXX72,2025-11-01T12:53:00,true
C000054,Customer SX5K28XBD,98XXXXXX22,2025-08-10T14:23:00,true
C000055,Customer RJMVFFQNM,80XXXXXX90,2025-07-09T15:15:00,true
C000056,Customer NAUYZ69UB,75XXXXXX48,2025-05-20T09:32:00,true
C000057,Customer 6EZZJ6P75,92XXXXXX83,2025-03-15T21:45:00,true
C000058,Customer B4CVC7J79,80XXXXXX35,2025-06-20T13:01:00,true
C000059,Customer C5YJPESVM,78XXXXXX88,2025-07-09T13:52:00,true
C000060,Customer P2CQ9GZWL,82XXXXXX42,2025-08-12T19:30:00,true
C000061,Customer UQYXE8WF8,97XXXXXX16,2025-09-18T14:20:00,true
C000062,Customer 23LWP8GT6,80XXXXXX15,2025-04-25T11:49:00,true
C000063,Customer 7PJP2V83B,87XXXXXX90,2025-08-06T15:35:00,true
C000064,Customer ZKL7E4ZLX,97XXXXXX50,2025-06-28T16:40:00,true
C000065,Customer JR7HQ83MU,87XXXXXX99,2025-07-31T16:13:00,true
C000066,Customer PKGX7BLXN,84XXXXXX29,2024-11-21T14:35:00,true
C000067,Customer KD5QJH8XH,92XXXXXX76,2025-05-26T15:56:00,true
C000068,Customer 8E4QN7Y5U,72XXXXXX64,2024-12-27T13:21:00,true
C000069,Customer X9XV5VBE2,85XXXXXX48,2025-06-29T13:36:00,true
C000070,Customer G89VVKTZW,84XXXXXX36,2025-09-13T12:03:00,true
C000071,Customer R2MKNXN9K,88XXXXXX43,2025-08-22T14:08:00,true
C000072,Customer YDV7Y3ZH4,77XXXXXX55,2025-02-15T12:47:00,true
C000073,Customer G4WBE3VXB,76XXXXXX18,2024-11-22T14:00:00,true
C000074,Customer XHP688H8M,70XXXXXX55,2025-02-23T19:47:00,true
C000075,Customer K8G6GSGAN,74XXXXXX25,2025-06-01T17:31:00,true
C000076,Customer CNSUKPMKT,78XXXXXX49,2025-10-05T14:13:00,true
C000077,Customer J5NSE7GA5,95XXXXXX42,2025-01-26T13:23:00,true
C000078,Customer E7M9LWCVC,77XXXXXX29,2025-05-22T09:15:00,true
C000079,Customer S9UZU6GZU,97XXXXXX36,2025-07-03T14:50:00,true
C000080,Customer YVT8LCWVZ,96XXXXXX89,2024-11-12T13:56:00,true
C000081,Customer 8PN2QKU8R,97XXXXXX53,2024-11-07T17:54:00,false
C000082,Customer W2YDXQA87,92XXXXXX80,2025-08-21T08:01:00,true
C000083,Customer JTMDKAEF5,75XXXXXX34,2025-05-16T19:01:00,true
C000084,Customer 5MB5SAYP2,75XXXXXX68,2025-05-11T21:54:00,true
C000085,Customer 8E285KVEJ,95XXXXXX75,2024-12-06T18:21:00,true
C000086,Customer 8AWV8DBMQ,96XXXXXX12,2025-02-12T18:10:00,true
C000087,Customer 6SWQA26XK,96XXXXXX70,2024-12-19T14:28:00,true
C000088,Customer XLVCQ45TG,73XXXXXX91,2025-04-21T14:12:00,true
C000089,Customer Y8SKKJCMB,95XXXXXX32,2025-07-17T11:43:00,true
C000090,Customer EC779F3DG,89XXXXXX92,2025-06-30T18:25:00,true
C000091,Customer 8H3QSB22W,95XXXXXX56,2025-08-10T19:33:00,true
C000092,Customer WSEKUEMZP,79XXXXXX16,2025-10-08T16:09:00,true
C000093,Customer Q6UBG6HTV,70XXXXXX54,2025-05-05T09:19:00,true
C000094,Customer WZ83SWPCY,72XXXXXX88,2025-06-01T13:10:00,true
C000095,Customer 9KJMT4HYJ,73XXXXXX18,2025-04-17T13:05:00,true
C000096,Customer Y7N2XNPC8,97XXXXXX94,2025-04-06T21:48:00,true
C000097,Customer J2P3CTHMX,70XXXXXX24,2025-03-16T08:56:00,true
C000098,Customer 6T8ZA3UFP,83XXXXXX71,2025-11-24T20:25:00,true
C000099,Customer Y3FJ5WYWX,91XXXXXX94,2025-04-14T09:28:00,true
C000100,Customer 7JPMT5J5T,74XXXXXX17,2024-12-20T14:49:00,true
C000101,Customer Q37N2LPGM,87XXXXXX71,2025-07-22T16:50:00,true
C000102,Customer 58Q75Q3WZ,87XXXXXX63,2025-11-18T10:50:00,true
C000103,Customer KY5F3FRWC,89XXXXXX52,2024-12-15T17:22:00,true
C000104,Customer ZKX5RNJLG,97XXXXXX77,2025-11-05T09:54:00,true
C000105,Customer X8HRWLJME,87XXXXXX67,2025-01-29T12:47:00,true
C000106,Customer 47XKQJAK6,78XXXXXX31,2025-08-26T16:02:00,true
C000107,Customer SV9U32PKG,84XXXXXX36,2025-04-30T21:42:00,true
C000108,Customer FZLWMT9LF,81XXXXXX32,2025-05-28T12:48:00,true
C000109,Customer H3RJ2R7B8,84XXXXXX33,2025-08-03T12:28:00,true
C000110,Customer NSLWM438S,80XXXXXX80,2025-11-20T09:50:00,true
C000111,Customer 92EY68RF7,92XXXXXX83,2025-11-07T08:31:00,true
C000112,Customer Z9L7Y47WT,99XXXXXX54,2025-11-10T11:16:00,false
C000113,Customer YL86ASW5L,89XXXXXX91,2025-11-13T17:50:00,true
C000114,Customer 739DQLN4V,73XXXXXX23,2025-05-19T21:47:00,true
C000115,Customer YZVJFGARF,75XXXXXX13,2025-04-26T10:58:00,true
C000116,Customer 4A4E2W4RG,89XXXXXX77,2025-06-01T18:38:00,true
C000117,Customer X4NZ68VD7,77XXXXXX35,2025-11-02T18:12:00,true
C000118,Customer D5C4JEVKJ,80XXXXXX52,2025-03-02T11:26:00,true
C000119,Customer 7TRZ5SW78,77XXXXXX27,2025-06-07T14:26:00,true
C000120,Customer SCTN8BT79,77XXXXXX76,2025-05-28T16:36:00,true
C000121,Customer P8833JX2Q,99XXXXXX40,2025-08-30T21:49:00,true
C000122,Customer WVZNG8HQV,89XXXXXX92,2025-11-16T21:58:00,true
C000123,Customer CD5QCCD9A,98XXXXXX17,2024-12-23T17:24:00,true
C000124,Customer 4XZ466QQL,82XXXXXX72,2025-06-12T08:50:00,true
C000125,Customer 9RL3WAVAA,88XXXXXX25,2025-10-27T20:09:00,true
C000126,Customer 6QEMZAKQW,91XXXXXX94,2025-05-06T11:11:00,true
C000127,Customer X57G6A5WZ,72XXXXXX46,2025-09-13T16:14:00,true
C000128,Customer XWZNCC68L,71XXXXXX14,2025-11-12T09:30:00,true
C000129,Customer KGX293PRT,91XXXXXX24,2025-04-10T09:58:00,true
C000130,Customer 8MMFWU7ZC,84XXXXXX77,2025-09-22T21:54:00,true
C000131,Customer 2ECKLBX6S,99XXXXXX31,2025-04-10T16:27:00,true
C000132,Customer 4YVKGU4TA,84XXXXXX48,2025-02-03T13:41:00,true
C000133,Customer UV2L2RNJF,99XXXXXX62,2025-05-28T20:29:00,true
C000134,Customer Q588BWWX3,85XXXXXX15,2025-05-21T18:47:00,true
C000135,Customer STQJNSLAV,78XXXXXX94,2025-04-17T20:06:00,true
C000136,Customer 2PPXGEJLD,99XXXXXX64,2025-01-20T16:42:00,true
C000137,Customer ZX3EAN9NP,89XXXXXX98,2025-07-28T19:22:00,true
C000138,Customer XEJXN82AS,76XXXXXX49,2025-04-07T09:42:00,true
C000139,Customer 5GZSS7SMW,89XXXXXX98,2025-06-01T13:30:00,true
C000140,Customer K72PHDV3Z,96XXXXXX87,2025-07-02T14:56:00,true
C000141,Customer XZX3WPRSW,79XXXXXX31,2025-04-28T15:57:00,false
C000142,Customer 9PTANDFWE,78XXXXXX57,2025-03-26T21:34:00,true
C000143,Customer DEJ8D3PE4,85XXXXXX75,2025-06-22T16:06:00,true
C000144,Customer 8R7HWY3EN,79XXXXXX88,2024-12-03T12:49:00,true
C000145,Customer 57G3ZQNPX,81XXXXXX93,2025-03-15T15:05:00,true
C000146,Customer SLRSS5NBD,99XXXXXX49,2025-06-05T09:29:00,true
C000147,Customer LUYA4FM6B,84XXXXXX85,2025-04-01T20:32:00,true
C000148,Customer UT2GBXVTN,94XXXXXX30,2025-08-14T11:27:00,true
C000149,Customer PLN9Q6MW9,76XXXXXX15,2025-02-01T16:46:00,true
C000150,Customer QJCCVLBG8,91XXXXXX82,2025-11-21T09:43:00,true
C000151,Customer A7ZT5SQ94,80XXXXXX31,2025-01-27T13:17:00,false
C000152,Customer BVQWL3EKY,92XXXXXX24,2025-08-21T21:23:00,true
C000153,Customer DBYCKW7SD,99XXXXXX76,2025-08-08T20:03:00,true
C000154,Customer JQLJ7USM7,80XXXXXX10,2024-11-20T16:03:00,true
C000155,Customer WLVWCR7EF,95XXXXXX54,2025-05-30T14:50:00,false
C000156,Customer XX7ZL9LUU,84XXXXXX52,2025-05-31T10:55:00,true
C000157,Customer 4WNRBZ5QQ,89XXXXXX84,2025-04-19T15:23:00,true
C000158,Customer SCAMEH4GR,86XXXXXX65,2025-03-19T08:42:00,true
C000159,Customer ZGD35HC8K,87XXXXXX28,2025-12-07T15:05:00,true
C000160,Customer T27WVE5W6,76XXXXXX95,2025-02-28T21:10:00,true
C000161,Customer SL5NRXN6T,92XXXXXX65,2025-06-11T08:26:00,true
C000162,Customer SJHFZWK5J,80XXXXXX49,2025-09-02T10:13:00,true
C000163,Customer 9YJ5CRGPM,70XXXXXX35,2025-12-07T13:24:00,true
C000164,Customer XD6CXYFYU,92XXXXXX16,2025-05-23T13:55:00,true
C000165,Customer H422FK3WN,72XXXXXX55,2025-10-15T10:37:00,true
C000166,Customer SSLHZ3QM5,81XXXXXX68,2025-05-10T17:21:00,true
C000167,Customer Y2BKQ2PKF,95XXXXXX55,2024-11-30T18:28:00,true
C000168,Customer ZWPD2KTHW,78XXXXXX23,2025-10-16T21:48:00,true
C000169,Customer 8LFX3NA7G,77XXXXXX95,2024-11-10T08:16:00,true
C000170,Customer ZCFDVMF9Q,99XXXXXX48,2025-05-24T15:19:00,true
C000171,Customer 8LLM5GTXU,97XXXXXX77,2024-12-28T11:26:00,true
C000172,Customer UTWYL7JV8,88XXXXXX65,2025-05-10T19:59:00,false
C000173,Customer F9V97CSHK,73XXXXXX37,2024-12-02T13:20:00,true
C000174,Customer Q7G3AQRXP,99XXXXXX96,2025-02-17T08:16:00,true
C000175,Customer ZAMWK45PB,86XXXXXX35,2025-04-18T19:41:00,true
C000176,Customer 7EPWQ42ZV,94XXXXXX90,2024-12-26T18:50:00,true
C000177,Customer 3CK22PCXF,84XXXXXX12,2025-02-25T10:57:00,true
C000178,Customer U86GC2MH7,91XXXXXX60,2025-08-03T12:54:00,true
C000179,Customer PCN6AAW83,79XXXXXX14,2025-06-04T18:02:00,true
C000180,Customer HGTAWN88Z,87XXXXXX84,2025-09-25T21:47:00,true
C000181,Customer 4F37UQBW9,95XXXXXX42,2025-04-26T19:53:00,true
C000182,Customer ZZLWKUJW2,75XXXXXX80,2025-07-03T21:11:00,true
C000183,Customer 3F6DRSTVD,72XXXXXX45,2025-09-19T10:04:00,true
C000184,Customer X5G9SP7YD,92XXXXXX70,2025-02-08T08:21:00,true
C000185,Customer ALVG469D4,98XXXXXX74,2025-02-27T13:55:00,true
C000186,Customer 7Q2WNFB6X,89XXXXXX95,2025-11-06T08:15:00,true
C000187,Customer P7U8EWREG,83XXXXXX82,2025-05-29T17:45:00,true
C000188,Customer B7AFC9SBJ,70XXXXXX10,2025-03-24T16:37:00,true
C000189,Customer V4T55BTKF,91XXXXXX53,2025-07-23T18:15:00,true
C000190,Customer 5R2Y64MCD,78XXXXXX55,2025-01-31T11:07:00,false
C000191,Customer BU9NK9YEL,83XXXXXX25,2025-07-15T15:22:00,true
C000192,Customer 87EK9BE77,70XXXXXX37,2025-08-24T16:21:00,true
C000193,Customer WJZZLMATC,82XXXXXX43,2025-07-17T12:33:00,true
C000194,Customer UREPQ6GVW,81XXXXXX94,2025-02-22T18:38:00,true
C000195,Customer M8SNL6BDL,91XXXXXX26,2025-03-16T09:04:00,false
C000196,Customer DGCCHHALG,82XXXXXX97,2025-09-18T15:13:00,true
C000197,Customer R39CD98FP,93XXXXXX25,2025-10-28T12:44:00,true
C000198,Customer 9FV7S7WPD,91XXXXXX13,2025-10-24T08:43:00,true
C000199,Customer 5BM36AG9S,92XXXXXX45,2025-10-04T15:44:00,true
C000200,Customer 5639SGY2X,99XXXXXX86,2025-01-13T11:40:00,true
C000201,Customer TZVN7NS3C,92XXXXXX16,2025-08-25T11:05:00,true
C000202,Customer PZHY7MWCW,97XXXXXX31,2025-06-03T18:37:00,true
C000203,Customer ZSUQCMXRA,77XXXXXX65,2025-03-15T12:49:00,true
C000204,Customer R6NP7796R,83XXXXXX62,2025-08-03T14:59:00,true
C000205,Customer 8LRWRJ3J3,86XXXXXX18,2025-07-19T20:06:00,true
C000206,Customer MDZQU6BXN,96XXXXXX33,2025-09-26T12:57:00,false
C000207,Customer 98XBX8DJK,84XXXXXX52,2025-07-10T08:44:00,true
C000208,Customer BAKGTSGUF,91XXXXXX70,2025-01-03T20:27:00,true
C000209,Customer 3D6ZJNPXK,89XXXXXX32,2024-11-22T10:20:00,true
C000210,Customer VVFRUKSM6,88XXXXXX39,2025-11-29T09:08:00,true
C000211,Customer 9XBHTSYSK,89XXXXXX79,2025-01-21T20:02:00,true
C000212,Customer S53QV9GNP,83XXXXXX50,2025-11-14T17:47:00,true
C000213,Customer SHJUMRBXV,97XXXXXX77,2025-01-15T10:25:00,true
C000214,Customer T6NPQLHXU,76XXXXXX78,2025-07-02T08:28:00,true
C000215,Customer D4ACEJQRY,88XXXXXX68,2025-07-03T15:23:00,false
C000216,Customer VARVBRJ2Z,99XXXXXX48,2024-11-09T12:19:00,true
C000217,Customer UHZQW5UAQ,94XXXXXX43,2025-06-19T17:12:00,true
C000218,Customer KEDAA44UD,93XXXXXX24,2025-11-06T10:09:00,true
C000219,Customer TTE38C5K8,76XXXXXX96,2025-11-09T18:55:00,true
C000220,Customer ZRZPBN4KZ,72XXXXXX10,2025-03-20T16:09:00,true
C000221,Customer WT2S2QWRK,71XXXXXX19,2024-12-02T08:06:00,true
C000222,Customer 8P32EXUR8,87XXXXXX27,2025-11-06T18:46:00,true
C000223,Customer VVMPUL4TJ,96XXXXXX65,2025-02-02T14:18:00,true
C000224,Customer ULWU3S3XC,97XXXXXX80,2024-12-10T15:31:00,true
C000225,Customer SH9MTG6CW,71XXXXXX66,2025-02-10T14:21:00,true
C000226,Customer AUCZNK9GV,95XXXXXX36,2024-11-28T20:31:00,true
C000227,Customer 9GFWTVQ9Z,93XXXXXX86,2025-10-03T20:34:00,true
C000228,Customer ME7ZP3J4Q,76XXXXXX48,2025-02-07T19:05:00,true
C000229,Customer H9DDRHJUL,91XXXXXX24,2025-10-27T13:03:00,true
C000230,Customer X9JCQN5RZ,73XXXXXX76,2025-02-21T14:27:00,true
C000231,Customer 85CBV75YF,82XXXXXX65,2025-09-16T18:27:00,true
C000232,Customer RRH9KTJHP,70XXXXXX44,2024-12-28T17:41:00,true
C000233,Customer QJS3XPWXG,95XXXXXX34,2025-03-29T18:43:00,true
C000234,Customer WBLB9MUFF,86XXXXXX92,2025-04-12T21:24:00,true
C000235,Customer NNP8PZ3VL,96XXXXXX35,2025-05-16T17:00:00,true
C000236,Customer 5U35HT28C,90XXXXXX68,2025-10-27T15:03:00,true
C000237,Customer CJVNMN2MG,78XXXXXX39,2025-05-18T21:25:00,true
C000238,Customer 83YDSRYV4,74XXXXXX76,2025-03-21T11:54:00,true
C000239,Customer E2HXZDSSK,92XXXXXX71,2025-10-25T10:50:00,false
C000240,Customer 34KMNK5VV,99XXXXXX48,2025-03-23T14:42:00,true
C000241,Customer JAHXKSMQK,89XXXXXX28,2025-03-17T20:15:00,true
C000242,Customer 767Y6EQ5V,94XXXXXX34,2025-04-29T15:38:00,true
C000243,Customer 74WL8RKXV,81XXXXXX14,2025-07-29T12:55:00,true
C000244,Customer 7S3QHTDDN,77XXXXXX87,2025-11-17T17:15:00,true
C000245,Customer 5NR6FLG7U,85XXXXXX95,2024-12-04T15:56:00,true
C000246,Customer 7Z85A2SZK,71XXXXXX45,2025-05-09T13:12:00,true
C000247,Customer ULNR7DP4W,72XXXXXX97,2025-09-24T13:51:00,true
C000248,Customer UMUFC5L24,97XXXXXX96,2025-01-12T11:39:00,true
C000249,Customer 5AMDLQD5F,76XXXXXX59,2025-10-11T14:45:00,true
C000250,Customer VSTLUCLNV,98XXXXXX64,2025-07-15T10:59:00,true
C000251,Customer N7E6ZVDS4,81XXXXXX56,2024-11-27T08:44:00,true
C000252,Customer HR9QYNBQ6,77XXXXXX96,2024-11-09T15:41:00,true
C000253,Customer WWRL3TX7H,84XXXXXX33,2025-10-02T15:27:00,true
C000254,Customer QRF6KTV72,99XXXXXX86,2025-01-15T12:49:00,true
C000255,Customer M9UZYTJ7X,83XXXXXX84,2025-05-12T15:14:00,true
C000256,Customer AQVTFNNRY,90XXXXXX60,2025-11-24T15:57:00,true
C000257,Customer KSDLL5TV9,89XXXXXX62,2024-11-21T16:26:00,true
C000258,Customer BV2XX45VE,88XXXXXX68,2025-07-18T16:19:00,true
C000259,Customer RVAZVVDLH,94XXXXXX17,2024-11-07T09:32:00,true
C000260,Customer TS3LFH23L,71XXXXXX16,2024-11-28T20:21:00,true
C000261,Customer 83QTKH7FN,97XXXXXX18,2025-03-21T17:18:00,true
C000262,Customer VVZ874CUX,76XXXXXX49,2025-11-20T18:55:00,true
C000263,Customer C8SHQ2AQJ,75XXXXXX25,2025-02-01T14:39:00,true
C000264,Customer XK8XW24CK,70XXXXXX71,2025-01-05T18:44:00,false
C000265,Customer YYW684V8A,72XXXXXX55,2025-11-30T19:26:00,true
C000266,Customer DUQBSTWGN,73XXXXXX61,2025-03-07T11:31:00,true
C000267,Customer 7VE99CADL,79XXXXXX96,2025-08-15T10:22:00,true
C000268,Customer Y3N596CF5,97XXXXXX78,2025-03-14T08:41:00,true
C000269,Customer XDUWYBSXW,72XXXXXX51,2024-12-29T14:42:00,true
C000270,Customer DEL9S8NVZ,92XXXXXX29,2025-03-05T20:58:00,true
C000271,Customer GB66485A4,75XXXXXX58,2025-06-03T14:55:00,true
C000272,Customer 7PDUB3GH5,72XXXXXX64,2025-06-02T14:07:00,true
C000273,Customer KLHN8B4KK,71XXXXXX85,2025-03-05T11:37:00,true
C000274,Customer 2WSAJ4NXP,96XXXXXX62,2025-07-13T09:26:00,true
C000275,Customer GEBKAMQHZ,76XXXXXX41,2025-10-21T12:59:00,true
C000276,Customer MQ6R8FHSP,98XXXXXX84,2025-10-18T19:12:00,true
C000277,Customer HW3JF4Q3E,82XXXXXX88,2025-09-29T16:48:00,true
C000278,Customer SFVW7FUNJ,89XXXXXX62,2024-11-21T17:45:00,true
C000279,Customer L3EG74RRP,89XXXXXX74,2025-11-16T12:24:00,true
C000280,Customer 2JA8NW4UD,74XXXXXX45,2025-03-10T20:27:00,true
C000281,Customer S5FAQSECN,82XXXXXX69,2025-07-01T12:29:00,true
C000282,Customer XJTSW234V,75XXXXXX49,2025-07-28T20:28:00,true
C000283,Customer GDYRM9YJA,91XXXXXX68,2024-11-23T13:28:00,true
C000284,Customer Q8X752QLG,96XXXXXX37,2024-12-14T15:08:00,true
C000285,Customer W5W3B7A3L,71XXXXXX48,2025-08-26T11:58:00,true
C000286,Customer VK8MDVZ63,99XXXXXX10,2025-05-14T18:29:00,true
C000287,Customer ASWZKL8NE,85XXXXXX81,2025-04-17T18:05:00,true
C000288,Customer MMQTU7ZWN,88XXXXXX63,2025-07-29T18:55:00,true
C000289,Customer QGA8JMHLF,78XXXXXX23,2025-07-02T18:17:00,true
C000290,Customer T3BTVHL77,82XXXXXX45,2025-08-11T08:31:00,true
C000291,Customer W9UYP5DBT,70XXXXXX77,2025-02-09T16:30:00,true
C000292,Customer E94L7REPZ,93XXXXXX71,2025-10-22T18:11:00,true
C000293,Customer 37H6AZTMU,79XXXXXX93,2024-12-19T18:50:00,true
C000294,Customer DHV3ERFV7,85XXXXXX99,2025-09-09T16:04:00,true
C000295,Customer ZZJHMY2H3,74XXXXXX67,2024-12-31T17:30:00,true
C000296,Customer 8LDH99RLF,91XXXXXX99,2024-12-11T17:04:00,true
C000297,Customer 5WCGMJ359,84XXXXXX55,2025-03-05T11:46:00,true
C000298,Customer Z4CC9ZRV7,73XXXXXX84,2025-03-24T18:32:00,true
C000299,Customer GRBWGREPG,77XXXXXX81,2024-11-12T11:07:00,true
C000300,Customer PNB2KHQPY,91XXXXXX13,2025-08-20T17:23:00,true
C000301,Customer LBW6N66YL,75XXXXXX88,2025-08-20T12:01:00,true
C000302,Customer 3GB3U9VUY,75XXXXXX33,2025-06-09T17:25:00,true
C000303,Customer FXFAXNXWS,90XXXXXX52,2025-04-16T15:53:00,true
C000304,Customer JBLN6BK6N,74XXXXXX64,2025-08-08T13:02:00,true
C000305,Customer 2DXM2NXXQ,79XXXXXX35,2025-07-11T17:47:00,true
C000306,Customer MSHXNJSNV,79XXXXXX25,2025-11-12T21:05:00,true
C000307,Customer DT6BZVPGF,89XXXXXX97,2024-12-29T12:51:00,true
C000308,Customer KQS9DWAJW,70XXXXXX23,2025-02-22T16:17:00,true
C000309,Customer 9YYDQAEYP,76XXXXXX10,2025-02-06T15:29:00,true
C000310,Customer S368FCHGW,72XXXXXX17,2025-04-25T18:09:00,true
C000311,Customer JW257VMFR,86XXXXXX88,2024-11-25T12:58:00,true
C000312,Customer KJGTVWUQD,70XXXXXX67,2025-05-31T17:26:00,true
C000313,Customer 28TJQ93V6,77XXXXXX98,2025-03-13T19:24:00,false
C000314,Customer 83EPNSRPS,95XXXXXX48,2025-11-11T08:36:00,true
C000315,Customer T54UNU5KJ,76XXXXXX15,2024-11-21T18:51:00,true
C000316,Customer 9HRTT2ZPM,94XXXXXX37,2025-09-17T21:35:00,true
C000317,Customer QA8972K7T,78XXXXXX94,2024-12-20T20:00:00,true
C000318,Customer F54AX55NQ,98XXXXXX10,2024-12-26T16:07:00,true
C000319,Customer 3KUVAZAYN,97XXXXXX48,2025-02-27T08:55:00,true
C000320,Customer 6PWHZP43A,76XXXXXX37,2024-11-07T19:57:00,true
C000321,Customer TFTU8W4GP,72XXXXXX37,2025-01-09T15:22:00,true
C000322,Customer MAYSR8M9V,72XXXXXX85,2025-02-17T12:17:00,true
C000323,Customer LWXA49KQ2,82XXXXXX90,2025-08-06T16:18:00,true
C000324,Customer VTDSCC6AX,81XXXXXX22,2025-05-06T11:37:00,true
C000325,Customer MPWZ3H8F6,93XXXXXX31,2024-11-10T16:06:00,true
C000326,Customer 999ZYMMK7,74XXXXXX62,2024-12-15T14:41:00,true
C000327,Customer AEX8N7ZNV,84XXXXXX28,2025-05-19T21:11:00,true
C000328,Customer QZVNSLZ7G,73XXXXXX24,2025-04-18T14:40:00,true
C000329,Customer FTKJN47XU,78XXXXXX65,2025-07-06T16:31:00,true
C000330,Customer 3ARCVJ6AJ,83XXXXXX45,2025-09-27T11:42:00,true
C000331,Customer VR3G5EF96,76XXXXXX28,2025-01-23T08:48:00,true
C000332,Customer 2SYTS6D98,81XXXXXX89,2025-09-28T21:08:00,true
C000333,Customer QVRQVBFW3,98XXXXXX80,2025-01-11T10:03:00,true
C000334,Customer 4KLHTPZ7Q,90XXXXXX82,2025-01-04T13:06:00,true
C000335,Customer QT3JHYENY,82XXXXXX85,2025-10-21T10:22:00,true
C000336,Customer ZCQFTGJVA,74XXXXXX82,2025-08-24T19:02:00,true
C000337,Customer J9WBZKLT8,89XXXXXX91,2025-11-09T19:44:00,true
C000338,Customer GYZAJJQHJ,83XXXXXX23,2025-11-17T13:42:00,true
C000339,Customer 2LEFJH22Q,74XXXXXX18,2025-01-11T09:13:00,true
C000340,Customer 8VEUH33VJ,76XXXXXX63,2025-03-01T19:32:00,true
C000341,Customer 38NFNLWHJ,83XXXXXX37,2025-07-19T19:10:00,true
C000342,Customer 6PQUP4BHA,79XXXXXX38,2025-03-20T11:11:00,true
C000343,Customer E5F3S7UNT,71XXXXXX63,2025-05-16T10:24:00,true
C000344,Customer 5W8URB2V7,99XXXXXX99,2025-09-15T11:33:00,false
C000345,Customer YND9SBMHM,79XXXXXX93,2025-04-26T12:55:00,true
C000346,Customer YL5SEVNTQ,89XXXXXX76,2025-01-26T13:17:00,true
C000347,Customer 4VWNUHLQA,99XXXXXX51,2025-06-22T13:43:00,true
C000348,Customer T58WUPUHJ,88XXXXXX39,2025-04-17T09:50:00,true
C000349,Customer FFJPRS8HA,81XXXXXX44,2025-05-11T17:20:00,true
C000350,Customer Q947KK3CA,80XXXXXX57,2025-04-09T09:31:00,true
C000351,Customer BKYN28ZHM,97XXXXXX61,2025-08-16T20:05:00,true
C000352,Customer R9TNVG6VZ,91XXXXXX61,2025-04-04T21:35:00,true
C000353,Customer GAWYS7XMR,86XXXXXX19,2025-08-07T17:17:00,true
C000354,Customer 4A6RXP6YF,85XXXXXX83,2025-01-06T08:09:00,true
C000355,Customer 7H9UW2G7L,83XXXXXX35,2025-01-24T10:13:00,true
C000356,Customer FCMGHVV5E,89XXXXXX72,2025-01-09T10:10:00,false
C000357,Customer DS6NEK273,80XXXXXX63,2025-08-27T21:08:00,true
C000358,Customer RR36ZX5QK,90XXXXXX37,2025-06-20T11:17:00,true
C000359,Customer 2BGNAJXPR,75XXXXXX81,2024-12-08T15:00:00,true
C000360,Customer AS7XUKEJX,70XXXXXX53,2025-02-26T13:00:00,true
C000361,Customer WU5BJX4ZQ,91XXXXXX85,2025-11-15T19:38:00,true
C000362,Customer FV6QWLLLY,92XXXXXX20,2025-11-06T20:59:00,true
C000363,Customer TMP5Y3UVU,73XXXXXX49,2025-02-22T12:33:00,true
C000364,Customer BUR47YFAM,85XXXXXX81,2025-08-31T20:25:00,true
C000365,Customer SW5793EMU,79XXXXXX38,2025-07-09T20:48:00,true
C000366,Customer B5XN9CRPT,73XXXXXX42,2025-03-28T19:08:00,true
C000367,Customer MDSGVFWX5,99XXXXXX26,2025-04-21T14:51:00,true
C000368,Customer E6YHZUHQT,78XXXXXX87,2025-02-23T12:40:00,true
C000369,Customer 24QWBX9EQ,97XXXXXX40,2024-12-21T11:03:00,true
C000370,Customer 3CY8RWY9F,94XXXXXX29,2025-07-06T21:24:00,true
C000371,Customer FPV8WRBQS,83XXXXXX57,2025-11-22T21:23:00,true
C000372,Customer 4L849TPR5,86XXXXXX25,2025-06-21T11:35:00,true
C000373,Customer 3TETXHPWX,98XXXXXX49,2025-01-28T10:54:00,true
C000374,Customer G9G993899,77XXXXXX46,2025-11-06T14:43:00,true
C000375,Customer AUELM7223,70XXXXXX31,2025-06-23T20:40:00,true
C000376,Customer 693XUBEWH,85XXXXXX94,2025-09-10T21:46:00,false
C000377,Customer QATNLHA3B,76XXXXXX75,2024-12-24T21:30:00,true
C000378,Customer VD855L5EY,80XXXXXX48,2024-12-04T17:32:00,true
C000379,Customer JEJCPNDAR,78XXXXXX27,2024-11-21T10:27:00,true
C000380,Customer 2N76Z5WYE,90XXXXXX86,2024-11-12T18:56:00,false
C000381,Customer 22JDZFMCN,85XXXXXX90,2024-11-30T10:12:00,true
C000382,Customer 6KVYWARDL,88XXXXXX20,2025-08-21T12:56:00,true
C000383,Customer WQFJW5CS2,77XXXXXX62,2025-04-30T16:24:00,true
C000384,Customer 6AWE3FYHZ,99XXXXXX94,2025-05-17T10:00:00,true
C000385,Customer 3Z2EXW45V,72XXXXXX30,2025-06-23T20:15:00,true
C000386,Customer HZESGEFDW,83XXXXXX29,2024-12-06T08:01:00,true
C000387,Customer NF54TMP2Z,86XXXXXX52,2025-03-07T19:53:00,true
C000388,Customer HRREQZFTX,75XXXXXX80,2025-10-10T19:50:00,true
C000389,Customer CA9H6A7PM,81XXXXXX44,2025-01-17T13:07:00,true
C000390,Customer PE34ZBPT3,85XXXXXX63,2025-07-04T13:22:00,true
C000391,Customer 28G6JSGGZ,93XXXXXX44,2025-03-08T19:20:00,true
C000392,Customer 7YP43AUUJ,79XXXXXX34,2025-08-09T08:52:00,true
C000393,Customer 6ZWT7QELV,96XXXXXX74,2025-12-01T13:17:00,true
C000394,Customer V9NKSXNTU,97XXXXXX61,2025-11-28T21:58:00,true
C000395,Customer BBUXJJSVW,81XXXXXX96,2025-08-16T13:30:00,false
C000396,Customer F9NGJSHJK,85XXXXXX33,2025-03-27T12:30:00,true
C000397,Customer GKRJ9DY62,71XXXXXX65,2025-06-28T11:59:00,true
C000398,Customer LJCHD2HQJ,89XXXXXX83,2025-01-31T10:20:00,true
C000399,Customer ZNPRYP3WU,88XXXXXX22,2025-01-20T08:08:00,true
C000400,Customer AEWJ4ZAVX,82XXXXXX78,2025-02-19T21:59:00,true
C000401,Customer JH2D2U6DJ,86XXXXXX74,2025-05-24T16:26:00,true
C000402,Customer PF8B62ZDQ,84XXXXXX87,2025-06-06T14:18:00,true
C000403,Customer LNEPBZLAT,99XXXXXX24,2025-04-23T21:28:00,true
C000404,Customer KDAVN9BQ5,82XXXXXX17,2024-12-01T10:50:00,true
C000405,Customer L3PRWGHQ3,74XXXXXX34,2025-11-01T11:10:00,true
C000406,Customer ARD9GWS42,96XXXXXX61,2025-09-29T18:09:00,true
C000407,Customer QG9WNUSNJ,86XXXXXX60,2025-11-09T21:10:00,true
C000408,Customer 8WXEAEA79,94XXXXXX59,2025-09-26T18:17:00,true
C000409,Customer 3ZUCNLV73,99XXXXXX94,2024-12-13T16:13:00,true
C000410,Customer 3ZWHTASVH,74XXXXXX41,2025-02-19T15:26:00,true
C000411,Customer 3JSGUKAL4,83XXXXXX78,2025-05-07T21:47:00,true
C000412,Customer 4J9RJMJLE,96XXXXXX26,2024-12-13T18:58:00,true
C000413,Customer U4QQALFFN,98XXXXXX68,2025-09-27T15:56:00,true
C000414,Customer 86QFTL5XN,94XXXXXX84,2025-05-03T10:46:00,true
C000415,Customer R3YSDZWRV,97XXXXXX29,2025-01-20T09:10:00,true
C000416,Customer QYATXYUSR,84XXXXXX36,2025-02-22T12:01:00,true
C000417,Customer WGU7QVSY4,86XXXXXX42,2025-04-19T12:44:00,true
C000418,Customer N3EZG6M85,86XXXXXX55,2025-06-30T15:11:00,true
C000419,Customer UGBRM8YBJ,70XXXXXX17,2025-08-21T13:17:00,true
C000420,Customer XGEVEAQSL,78XXXXXX77,2025-02-09T20:35:00,true
C000421,Customer JQ82SF7DP,98XXXXXX25,2025-10-16T21:05:00,true
C000422,Customer DC4D37CQQ,87XXXXXX79,2025-04-03T12:37:00,true
C000423,Customer Y2639ZKGV,82XXXXXX41,2025-04-29T14:09:00,true
C000424,Customer 8TX7C9HLC,78XXXXXX28,2025-10-24T18:27:00,true
C000425,Customer 3Q7MVNR9M,84XXXXXX67,2025-07-22T15:19:00,true
C000426,Customer TDG8SA44S,90XXXXXX41,2025-01-20T20:23:00,false
C000427,Customer NBPNP2VG6,70XXXXXX37,2025-01-27T21:17:00,true
C000428,Customer LJCAB6HBQ,94XXXXXX31,2025-08-25T16:28:00,true
C000429,Customer BU88PXZ39,90XXXXXX42,2025-04-13T14:41:00,true
C000430,Customer 9KRGM8GT3,74XXXXXX24,2025-07-30T17:23:00,true
C000431,Customer 25K4RKN8W,96XXXXXX60,2025-06-12T11:24:00,true
C000432,Customer L6NUVE7NR,72XXXXXX24,2025-09-06T20:06:00,true
C000433,Customer R95PG3W75,86XXXXXX39,2025-05-25T09:51:00,true
C000434,Customer 7J3PCPR9X,88XXXXXX34,2025-08-12T21:21:00,false
C000435,Customer CYV55BBDD,71XXXXXX51,2025-05-30T09:32:00,true
C000436,Customer 6BRCCHT8L,70XXXXXX73,2025-05-23T12:31:00,true
C000437,Customer 3PGU76H8S,84XXXXXX64,2025-07-24T08:46:00,true
C000438,Customer 7TUYSRW3T,87XXXXXX76,2025-10-08T21:46:00,false
C000439,Customer KY36KC9AV,78XXXXXX77,2025-03-03T13:50:00,true
C000440,Customer HA5D3L8B4,92XXXXXX13,2025-02-21T14:19:00,true
C000441,Customer 4GEYAUT3C,81XXXXXX44,2025-09-21T15:13:00,true
C000442,Customer J4TXUF3XQ,72XXXXXX84,2025-10-11T12:08:00,true
C000443,Customer A276LQSW3,94XXXXXX98,2025-07-29T19:11:00,true
C000444,Customer M9JVBE4DW,97XXXXXX97,2024-11-27T16:18:00,true
C000445,Customer Y94ZL95YT,73XXXXXX19,2025-03-05T15:07:00,true
C000446,Customer Q9Z3XV632,87XXXXXX38,2025-10-02T16:09:00,true
C000447,Customer G4S6SCSUN,73XXXXXX15,2025-05-27T14:45:00,true
C000448,Customer WGW3MLTR2,86XXXXXX48,2025-08-20T17:06:00,true
C000449,Customer 6ST6WSPLX,83XXXXXX92,2025-07-02T18:32:00,true
C000450,Customer 72MMGK2Z8,81XXXXXX67,2025-03-22T16:51:00,true
C000451,Customer C2NKDNUXY,86XXXXXX75,2025-01-28T17:55:00,true
C000452,Customer LE5E9DGQ6,95XXXXXX73,2025-05-20T15:24:00,true
C000453,Customer DDDX93YN9,72XXXXXX70,2025-04-05T18:12:00,true
C000454,Customer 6D9MSQREC,93XXXXXX10,2024-12-18T11:04:00,true
C000455,Customer 576U428KT,94XXXXXX21,2025-10-22T14:23:00,true
C000456,Customer 8MLRZBSSZ,72XXXXXX50,2025-11-07T15:03:00,true
C000457,Customer 8B599USKY,82XXXXXX86,2025-01-02T10:26:00,true
C000458,Customer TAY8RA6Z9,82XXXXXX16,2025-04-09T14:12:00,true
C000459,Customer YFUBFFHHQ,70XXXXXX63,2025-11-04T15:26:00,true
C000460,Customer MM9EU96FE,97XXXXXX31,2025-06-04T20:51:00,true
C000461,Customer Q7ZJG6BD9,91XXXXXX60,2025-01-01T13:00:00,true
C000462,Customer VGHXBMLY6,73XXXXXX51,2025-02-21T21:27:00,true
C000463,Customer HUKSGRSYV,90XXXXXX99,2025-08-05T20:58:00,true
C000464,Customer MAMQPNZ95,96XXXXXX13,2025-04-13T14:43:00,true
C000465,Customer BHDGFW5J4,79XXXXXX23,2024-11-21T20:11:00,true
C000466,Customer MJBGQQVVE,70XXXXXX30,2025-07-22T08:23:00,true
C000467,Customer VF9PXV74G,78XXXXXX96,2025-03-06T09:30:00,true
C000468,Customer BJKXXB3BE,93XXXXXX98,2025-10-16T19:16:00,true
C000469,Customer XH3P8RWEN,81XXXXXX67,2025-04-15T20:09:00,true
C000470,Customer EM38Z86XG,87XXXXXX38,2024-11-13T15:50:00,true
C000471,Customer KHZPYHBJJ,96XXXXXX46,2025-09-14T08:47:00,false
C000472,Customer WPUBLXN6Z,76XXXXXX72,2024-12-25T20:22:00,true
C000473,Customer U7BLPRWUG,70XXXXXX11,2025-05-17T14:13:00,true
C000474,Customer VTGKMD28N,83XXXXXX86,2025-04-22T13:40:00,true
C000475,Customer 9FVCLYKCV,86XXXXXX34,2024-11-21T12:42:00,true
C000476,Customer 3TQMFSZA4,87XXXXXX66,2025-11-05T09:25:00,true
C000477,Customer ZSF5UPEBU,97XXXXXX31,2025-04-01T08:42:00,true
C000478,Customer 5V3KUHG3H,88XXXXXX65,2025-09-26T13:36:00,true
C000479,Customer XL7PZVFGM,87XXXXXX39,2025-04-11T21:31:00,true
C000480,Customer XJTAXEX6A,80XXXXXX94,2025-05-06T09:35:00,true
C000481,Customer NL352BGU8,77XXXXXX91,2025-03-14T18:53:00,true
C000482,Customer T282G9DEU,96XXXXXX76,2025-01-09T11:50:00,true
C000483,Customer QNTDAM3S8,70XXXXXX38,2025-06-10T17:10:00,true
C000484,Customer 488F8X5UE,84XXXXXX52,2025-03-03T21:04:00,true
C000485,Customer PU6CU5URT,73XXXXXX37,2024-12-19T13:24:00,true
C000486,Customer KK5Y2NVKY,90XXXXXX73,2025-10-08T17:27:00,true
C000487,Customer VH7ATHZ9R,75XXXXXX85,2025-07-10T09:18:00,true
C000488,Customer 7E5XJTERT,94XXXXXX66,2025-12-07T16:51:00,true
C000489,Customer LDG5JJYP8,88XXXXXX79,2025-11-17T18:10:00,true
C000490,Customer 2D2L5KBAX,83XXXXXX67,2024-11-13T18:01:00,true
C000491,Customer 5J34VDHPP,77XXXXXX72,2025-11-08T14:30:00,true
C000492,Customer J3USTPBBF,75XXXXXX95,2025-06-09T10:47:00,true
C000493,Customer ZZLYD4NKQ,83XXXXXX99,2025-08-28T10:40:00,true
C000494,Customer TPXXBTDKQ,75XXXXXX79,2025-02-23T14:24:00,true
C000495,Customer 4K7XBTET2,98XXXXXX15,2025-03-07T17:04:00,true
C000496,Customer LVY9A9JC3,73XXXXXX99,2025-06-25T15:59:00,true
C000497,Customer 4GSKJZBV4,86XXXXXX75,2024-12-18T16:36:00,true
C000498,Customer HR3KZGN6T,79XXXXXX53,2025-08-25T14:53:00,true
C000499,Customer E7VS273GH,88XXXXXX76,2025-09-26T13:57:00,true
C000500,Customer QU63T8LUY,78XXXXXX27,2024-11-09T19:15:00,true
C000501,Customer FGBQZNU4H,94XXXXXX14,2025-10-10T10:53:00,true
C000502,Customer JB8YRUTUD,91XXXXXX59,2025-08-05T09:33:00,true
C000503,Customer YRADFSG5J,82XXXXXX23,2025-03-08T12:25:00,true
C000504,Customer 27P2GF79E,92XXXXXX98,2025-10-15T20:38:00,true
C000505,Customer HAWPM5YL8,92XXXXXX72,2025-04-04T19:50:00,true
C000506,Customer Q2KB8EDYJ,78XXXXXX39,2025-03-02T19:44:00,true
C000507,Customer PV3UDKLL2,94XXXXXX59,2025-08-07T17:04:00,true
C000508,Customer PULSX39E3,90XXXXXX90,2025-09-19T16:25:00,true
C000509,Customer 42KGRCZ97,76XXXXXX82,2025-06-29T16:02:00,true
C000510,Customer GXDA5A4FY,77XXXXXX98,2024-12-17T18:33:00,true
C000511,Customer XTC2XB7MM,87XXXXXX89,2025-05-26T10:55:00,true
C000512,Customer 67PUBZLWQ,93XXXXXX17,2025-05-27T16:44:00,true
C000513,Customer VRUQ9ELJB,77XXXXXX34,2025-08-05T10:03:00,true
C000514,Customer 4FYEA54YY,78XXXXXX64,2025-09-22T20:11:00,false
C000515,Customer RZHKC4XE3,85XXXXXX39,2025-04-24T13:24:00,true
C000516,Customer U6EHFXS3P,81XXXXXX13,2025-01-17T15:50:00,true
C000517,Customer M25HB83LW,74XXXXXX29,2025-02-04T09:30:00,true
C000518,Customer Z37Y5LTWP,90XXXXXX37,2025-09-22T08:53:00,true
C000519,Customer 89KXLWPUC,82XXXXXX58,2025-02-10T19:41:00,true
C000520,Customer Y2NNFLS4G,98XXXXXX22,2025-09-25T11:53:00,true
C000521,Customer NLSE7VY3J,79XXXXXX26,2025-10-28T09:15:00,true
C000522,Customer WKKBE8M3M,73XXXXXX67,2025-10-12T12:22:00,true
C000523,Customer F3ZA6LGSN,74XXXXXX67,2024-11-22T17:03:00,true
C000524,Customer C75RFDMSN,91XXXXXX21,2025-11-20T16:05:00,true
C000525,Customer 2FQUZTSA4,82XXXXXX16,2025-06-06T15:23:00,true
C000526,Customer J6FQ7D3DD,83XXXXXX58,2025-02-06T08:51:00,true
C000527,Customer 3LU8J8B5G,71XXXXXX45,2025-05-20T09:15:00,true
C000528,Customer QXVEDHXZZ,75XXXXXX51,2025-11-24T13:21:00,true
C000529,Customer G3DZS5EU2,81XXXXXX42,2025-09-29T20:52:00,true
C000530,Customer 9UE6Z3JFP,89XXXXXX55,2025-02-02T20:54:00,true
C000531,Customer DRGWGBVPV,87XXXXXX77,2025-07-07T17:55:00,true
C000532,Customer HW6XNCFQW,96XXXXXX52,2025-08-21T13:00:00,true
C000533,Customer ASUSXWHS6,90XXXXXX69,2025-09-11T11:09:00,true
C000534,Customer 2NU689ZHL,99XXXXXX24,2025-05-22T15:06:00,true
C000535,Customer T2KAFEHVH,87XXXXXX63,2025-09-11T20:55:00,true
C000536,Customer YUGB6YHPD,98XXXXXX40,2025-03-04T18:11:00,true
C000537,Customer WZPECQ8K8,87XXXXXX83,2025-07-30T11:11:00,true
C000538,Customer 4VEJRHDSK,96XXXXXX35,2025-03-14T14:05:00,true
C000539,Customer MKGM4HW9X,76XXXXXX42,2025-05-06T11:16:00,true
C000540,Customer RAXSQKWG9,70XXXXXX16,2025-09-09T14:19:00,true
C000541,Customer W448PPLKF,73XXXXXX90,2024-12-24T11:21:00,true
C000542,Customer P2DT3TE5R,92XXXXXX40,2025-10-03T15:04:00,true
C000543,Customer M53TA6ZDW,71XXXXXX77,2025-06-24T16:20:00,true
C000544,Customer 5UHDHXKTC,73XXXXXX43,2025-09-05T21:37:00,true
C000545,Customer PKWT3YSFK,91XXXXXX29,2024-12-28T11:42:00,true
C000546,Customer AQDCJN22L,76XXXXXX58,2025-10-20T11:34:00,true
C000547,Customer 3AM489Q9E,93XXXXXX33,2025-05-12T20:09:00,true
C000548,Customer 8GZEWLTVT,93XXXXXX36,2025-11-21T20:55:00,true
C000549,Customer PFYEWJ85S,77XXXXXX54,2025-11-10T14:30:00,true
C000550,Customer BZY3T5K78,92XXXXXX50,2025-01-29T16:40:00,true
C000551,Customer UFERPWDJL,97XXXXXX96,2025-03-30T16:34:00,true
C000552,Customer 9LXQNT9Z4,83XXXXXX86,2025-09-17T19:35:00,true
C000553,Customer NK7XYFTC7,88XXXXXX64,2025-05-21T15:57:00,true
C000554,Customer FD4C75WN2,79XXXXXX34,2025-03-21T12:29:00,true
C000555,Customer 3NR4G53BK,74XXXXXX24,2025-11-04T10:46:00,true
C000556,Customer A4JN5ARFM,82XXXXXX70,2025-02-02T20:26:00,true
C000557,Customer 8DPLJZ6A9,73XXXXXX65,2025-02-12T20:16:00,true
C000558,Customer MWZZEAFUN,74XXXXXX20,2025-10-20T18:58:00,true
C000559,Customer AVUAKWLKH,81XXXXXX94,2025-11-22T19:48:00,true
C000560,Customer HE5LYZK33,88XXXXXX27,2024-11-25T18:52:00,true
C000561,Customer 73JX2K56P,94XXXXXX70,2025-09-11T10:18:00,false
C000562,Customer 6UB3X6WVB,71XXXXXX59,2025-06-05T16:11:00,true
C000563,Customer F2RUL3HAN,99XXXXXX26,2025-05-05T11:06:00,true
C000564,Customer 83VDHR5RF,81XXXXXX98,2024-12-29T15:21:00,true
C000565,Customer ZD8ZLW5A9,93XXXXXX13,2025-03-09T20:40:00,true
C000566,Customer 2QJCW2FTQ,98XXXXXX47,2025-05-13T20:52:00,true
C000567,Customer YKKAP32Z6,97XXXXXX70,2024-11-13T19:57:00,true
C000568,Customer ZCWK64HAP,79XXXXXX73,2025-06-06T10:58:00,true
C000569,Customer G9TBRT3H8,85XXXXXX72,2025-10-03T10:51:00,true
C000570,Customer MYSVXVLHA,87XXXXXX51,2024-11-27T20:18:00,true
C000571,Customer BMNFYSPJW,82XXXXXX16,2025-04-20T21:08:00,true
C000572,Customer WR2WC6BF7,91XXXXXX98,2025-03-13T10:03:00,true
C000573,Customer 5CEKLT8XR,75XXXXXX75,2025-09-26T15:29:00,true
C000574,Customer 88UULMX7S,89XXXXXX72,2025-08-25T21:38:00,true
C000575,Customer 2QBR2KAYU,87XXXXXX98,2025-10-19T16:44:00,true
C000576,Customer FBJFRCQZ4,79XXXXXX53,2025-03-31T18:37:00,true
C000577,Customer DQB2YHXL6,73XXXXXX59,2025-03-01T13:23:00,true
C000578,Customer 2QDEBBFZT,92XXXXXX37,2025-09-04T20:12:00,true
C000579,Customer 8KSZDV7NN,71XXXXXX14,2025-07-02T15:01:00,true
C000580,Customer X27TMYGBR,90XXXXXX32,2025-03-14T13:19:00,true
C000581,Customer JBQLJCYNY,89XXXXXX89,2025-02-05T21:48:00,true
C000582,Customer NVZ6LFRSD,73XXXXXX91,2025-09-19T20:19:00,true
C000583,Customer TNYNB5Z99,89XXXXXX75,2025-11-18T13:17:00,true
C000584,Customer Z4HB75AAF,96XXXXXX45,2025-10-24T16:24:00,false
C000585,Customer GXBMX2V5Y,77XXXXXX18,2025-04-20T20:23:00,false
C000586,Customer YF24FM4SQ,76XXXXXX82,2025-10-20T16:31:00,true
C000587,Customer 7XL29RY64,72XXXXXX73,2025-09-24T17:56:00,true
C000588,Customer 5777CFR7L,94XXXXXX25,2025-05-14T18:56:00,true
C000589,Customer ZTBS2765R,74XXXXXX75,2025-05-25T18:05:00,true
C000590,Customer J96EDRMXM,76XXXXXX47,2025-09-23T11:53:00,true
C000591,Customer LNBHQUKCV,98XXXXXX28,2025-08-23T17:03:00,true
C000592,Customer PTCAMPN9B,81XXXXXX20,2025-06-04T15:24:00,true
C000593,Customer Y66B8RU6T,96XXXXXX80,2025-10-13T21:55:00,true
C000594,Customer 7L6NYXLKU,89XXXXXX22,2025-11-18T09:24:00,true
C000595,Customer PDWGATWLB,95XXXXXX69,2025-02-16T19:03:00,true
C000596,Customer ZLYHU8UL3,94XXXXXX73,2025-01-10T18:27:00,true
C000597,Customer K5NRPV9B2,80XXXXXX71,2025-04-07T21:31:00,true
C000598,Customer WCFA4FH72,84XXXXXX17,2025-06-17T15:13:00,true
C000599,Customer CG8CGQPZ4,78XXXXXX96,2025-02-05T10:28:00,true
C000600,Customer 7WUHK4DHB,84XXXXXX83,2025-01-23T17:01:00,true
C000601,Customer MMH44T2AS,89XXXXXX76,2025-03-30T11:55:00,true
C000602,Customer CEMNK2EM3,76XXXXXX34,2025-04-17T12:05:00,true
C000603,Customer 4YQPBNV98,85XXXXXX12,2025-01-12T21:39:00,true
C000604,Customer 2K8FSL94P,76XXXXXX53,2025-09-14T20:18:00,true
C000605,Customer W5YVMQQMA,95XXXXXX33,2024-12-23T17:22:00,true
C000606,Customer 83CCSAM99,71XXXXXX41,2025-07-04T13:25:00,true
C000607,Customer E5H22ZQEP,87XXXXXX56,2025-10-18T09:27:00,true
C000608,Customer H7NZU5CS5,75XXXXXX18,2025-07-31T20:35:00,true
C000609,Customer V92W95HZJ,98XXXXXX42,2025-11-30T14:28:00,true
C000610,Customer 6DQWWAJSW,85XXXXXX25,2024-11-30T15:36:00,true
C000611,Customer H2K3YBCPV,94XXXXXX54,2025-06-13T19:59:00,true
C000612,Customer 2487METVZ,72XXXXXX33,2025-06-22T09:58:00,false
C000613,Customer WZ8AD5L23,85XXXXXX21,2025-01-16T14:51:00,true
C000614,Customer N6MJSZH56,75XXXXXX91,2025-05-02T08:52:00,true
C000615,Customer 8T63BTJS9,72XXXXXX87,2024-11-25T09:54:00,true
C000616,Customer DUBAZ67Q9,85XXXXXX65,2025-05-24T21:18:00,true
C000617,Customer W6L3P72EU,83XXXXXX35,2024-12-17T11:25:00,true
C000618,Customer JUFZ28GBW,71XXXXXX19,2024-11-22T08:38:00,true
C000619,Customer UN72KW4G2,71XXXXXX17,2025-01-04T08:41:00,true
C000620,Customer 8JM6RSP8A,76XXXXXX22,2025-05-09T08:48:00,true
C000621,Customer XZHLVQ35Y,99XXXXXX89,2025-11-02T10:10:00,true
C000622,Customer 3MNWW4S9Y,74XXXXXX71,2025-05-11T08:00:00,true
C000623,Customer US7Y75PM9,77XXXXXX99,2025-02-18T11:03:00,true
C000624,Customer 7VZLRNSU5,72XXXXXX88,2025-10-18T15:29:00,true
C000625,Customer GD7YJP8H2,89XXXXXX41,2025-03-27T10:34:00,true
C000626,Customer WTYGMK2EX,99XXXXXX17,2024-11-20T14:48:00,true
C000627,Customer 9R7L522AY,99XXXXXX52,2025-03-07T20:32:00,true
C000628,Customer J458UDHW9,86XXXXXX73,2025-01-30T12:17:00,true
C000629,Customer 3WP59P486,80XXXXXX75,2025-01-22T13:57:00,true
C000630,Customer SKYPL8D7L,74XXXXXX83,2025-01-24T09:32:00,true
C000631,Customer TL4CVF4YX,90XXXXXX31,2025-03-06T20:19:00,true
C000632,Customer UAQEUKL4Z,88XXXXXX96,2025-03-28T20:41:00,true
C000633,Customer MVJDEWHH8,84XXXXXX74,2025-04-22T09:49:00,true
C000634,Customer H3ALXHEGE,95XXXXXX73,2025-08-28T12:03:00,true
C000635,Customer L7U5AW9GF,77XXXXXX88,2025-08-10T20:45:00,true
C000636,Customer YNL4HN4LJ,84XXXXXX76,2025-05-18T13:12:00,true
C000637,Customer M2CQG3ZPV,95XXXXXX17,2025-06-24T14:57:00,true
C000638,Customer 8CWZH6PD7,70XXXXXX37,2025-10-14T14:04:00,false
C000639,Customer C9VVJJ2SV,95XXXXXX29,2024-11-12T13:47:00,true
C000640,Customer 2K7QNQ9NH,85XXXXXX82,2025-02-03T20:21:00,false
C000641,Customer KFPB4STXR,74XXXXXX65,2025-08-11T19:49:00,true
C000642,Customer DZM8RV4W8,95XXXXXX93,2025-04-13T15:27:00,true
C000643,Customer QGLST7MKT,87XXXXXX53,2025-10-08T16:24:00,true
C000644,Customer LFZTBDPYR,95XXXXXX66,2025-09-17T09:54:00,true
C000645,Customer 2QXCMZV9C,97XXXXXX80,2025-08-07T08:01:00,true
C000646,Customer ZPX4M9P9U,71XXXXXX90,2025-05-27T16:53:00,true
C000647,Customer ZCBEDRAWG,81XXXXXX25,2025-01-04T14:15:00,true
C000648,Customer NLCEBJ3XA,90XXXXXX11,2025-07-29T17:08:00,true
C000649,Customer 3TFU9ZANS,85XXXXXX11,2025-10-17T10:20:00,false
C000650,Customer 7TTUCVNG2,81XXXXXX62,2025-03-06T16:52:00,true
C000651,Customer FKD82B2J9,70XXXXXX52,2024-12-02T19:15:00,true
C000652,Customer NUE52436X,92XXXXXX12,2025-07-18T14:59:00,true
C000653,Customer TKVRQMGHX,97XXXXXX90,2025-07-26T16:19:00,true
C000654,Customer GBYRLT6ZP,75XXXXXX47,2025-02-12T21:29:00,true
C000655,Customer P8UYGN668,90XXXXXX32,2025-08-19T21:42:00,true
C000656,Customer AQT9ECYAU,76XXXXXX46,2025-04-17T15:05:00,true
C000657,Customer 9GVZ7DAVR,89XXXXXX70,2025-05-13T21:33:00,true
C000658,Customer 5YQDQ6MRP,76XXXXXX35,2025-08-29T14:19:00,true
C000659,Customer 35MVHTLJV,78XXXXXX54,2025-04-26T11:05:00,true
C000660,Customer GZ3STWFQX,79XXXXXX17,2025-01-18T16:24:00,true
C000661,Customer 3TW5T7HE6,84XXXXXX21,2025-04-13T10:55:00,true
C000662,Customer F83E7FH5A,84XXXXXX78,2025-09-28T09:27:00,true
C000663,Customer AL5AKDGTA,94XXXXXX27,2025-01-28T18:34:00,true
C000664,Customer F6PFFRMTG,89XXXXXX83,2025-09-01T16:35:00,true
C000665,Customer M7JA2A3QZ,81XXXXXX58,2025-02-10T08:17:00,true
C000666,Customer V47Y2LGL8,92XXXXXX67,2025-09-30T19:34:00,true
C000667,Customer L45V7AKTZ,78XXXXXX13,2024-12-23T14:46:00,true
C000668,Customer MCUZXP8EW,88XXXXXX97,2025-11-05T16:23:00,true
C000669,Customer 93F9H3LUE,75XXXXXX73,2025-03-16T09:39:00,true
C000670,Customer NAYYB8UYG,72XXXXXX51,2025-01-12T09:20:00,true
C000671,Customer Q3529BWAF,96XXXXXX90,2025-05-08T16:28:00,true
C000672,Customer 65WWCMY2J,75XXXXXX28,2024-11-29T16:18:00,true
C000673,Customer FRVR3GBVC,85XXXXXX86,2025-07-24T17:07:00,true
C000674,Customer LELBP9RRN,81XXXXXX16,2024-12-07T16:11:00,true
C000675,Customer NRPZUDZFL,94XXXXXX79,2025-04-15T14:30:00,true
C000676,Customer E2JS23VCB,95XXXXXX86,2025-06-07T18:05:00,true
C000677,Customer TT2JSVWB2,73XXXXXX35,2025-01-16T12:32:00,true
C000678,Customer 2AB4V9WTA,95XXXXXX11,2025-10-27T19:56:00,true
C000679,Customer 2YFWGUCK5,87XXXXXX88,2025-10-23T16:06:00,true
C000680,Customer 6KWQ28B68,78XXXXXX44,2025-10-29T20:09:00,true
C000681,Customer QE4TTRDMC,82XXXXXX53,2025-08-24T21:02:00,true
C000682,Customer TECJHKZW8,90XXXXXX41,2025-06-04T17:01:00,true
C000683,Customer 4G69XP79K,93XXXXXX65,2025-09-03T20:24:00,true
C000684,Customer 6N2LUZX28,89XXXXXX72,2025-03-14T10:29:00,true
C000685,Customer 8W5GTTCJB,84XXXXXX44,2024-12-09T15:41:00,true
C000686,Customer XHFURLT3J,74XXXXXX30,2025-01-19T16:02:00,true
C000687,Customer SWGEZN3RL,90XXXXXX57,2025-09-29T09:00:00,true
C000688,Customer CY2MMDQNU,72XXXXXX19,2025-03-03T17:03:00,true
C000689,Customer E27XC9UDF,78XXXXXX95,2025-03-21T09:29:00,true
C000690,Customer KJNYXXQPU,85XXXXXX28,2025-01-24T12:59:00,true
C000691,Customer WMZKAHF23,84XXXXXX13,2025-01-15T11:53:00,true
C000692,Customer RFRGLVAFF,94XXXXXX84,2025-11-21T10:01:00,true
C000693,Customer 9NRTVBNTA,92XXXXXX49,2025-01-29T18:04:00,true
C000694,Customer 24RK3DXYG,77XXXXXX78,2025-10-31T10:12:00,true
C000695,Customer 4SXCNWWQD,72XXXXXX89,2025-08-26T15:25:00,true
C000696,Customer S8LECCPPG,90XXXXXX74,2025-07-11T20:00:00,true
C000697,Customer FJH3XUMN9,71XXXXXX11,2025-04-13T11:52:00,true
C000698,Customer RL6EQZEM9,94XXXXXX89,2025-05-19T09:41:00,true
C000699,Customer 9LYK7TLUG,80XXXXXX78,2025-06-30T08:42:00,true
C000700,Customer MLUNQYP8S,99XXXXXX73,2025-03-27T18:36:00,true
C000701,Customer PEC4KR9DP,97XXXXXX89,2025-11-14T20:33:00,true
C000702,Customer KZCPFY9GF,79XXXXXX57,2025-07-15T20:05:00,true
C000703,Customer 5CZACQPLR,93XXXXXX17,2025-08-07T14:29:00,true
C000704,Customer 4NZSRPP9Z,76XXXXXX39,2024-12-05T15:30:00,true
C000705,Customer TWTRPPPV8,93XXXXXX86,2025-10-11T09:31:00,true
C000706,Customer S6SYWB9ZZ,70XXXXXX22,2025-07-16T15:41:00,true
C000707,Customer 72PFVKNPS,95XXXXXX81,2024-11-09T21:31:00,true
C000708,Customer EPCL9A5EM,86XXXXXX94,2025-09-29T08:18:00,true
C000709,Customer BVSK2XGPP,78XXXXXX15,2025-03-27T21:47:00,true
C000710,Customer 5MDG62A8Q,73XXXXXX54,2025-10-08T09:49:00,true
C000711,Customer SHKC92D8S,87XXXXXX48,2024-12-23T13:34:00,true
C000712,Customer T4QCV2L2M,98XXXXXX16,2025-02-28T16:36:00,true
C000713,Customer ACXXS4Y4P,89XXXXXX35,2024-12-16T11:52:00,true
C000714,Customer ML5TNHPAK,83XXXXXX37,2025-03-02T19:41:00,true
C000715,Customer BY8D4HSKJ,81XXXXXX58,2024-11-28T17:44:00,true
C000716,Customer 9NDYFRT8F,89XXXXXX67,2025-11-21T19:04:00,true
C000717,Customer JD9Q7UDAM,76XXXXXX56,2024-11-19T16:05:00,true
C000718,Customer UXT5MKF9U,70XXXXXX74,2025-11-23T21:34:00,true
C000719,Customer 7C6KY3V7M,86XXXXXX60,2025-01-09T15:07:00,true
C000720,Customer 77AKBUMBH,89XXXXXX41,2025-08-21T12:08:00,true
C000721,Customer YXN9PCM6T,96XXXXXX58,2025-03-09T09:57:00,true
C000722,Customer 6HSX57V2U,93XXXXXX42,2025-10-22T20:33:00,true
C000723,Customer 97TFQJE6P,94XXXXXX50,2025-03-19T15:23:00,true
C000724,Customer CPXMFAKJB,85XXXXXX13,2025-08-29T14:22:00,true
C000725,Customer U5SQKDC5X,82XXXXXX24,2025-10-04T21:20:00,true
C000726,Customer KLLES7969,92XXXXXX43,2025-01-20T20:35:00,false
C000727,Customer HZP2BHURW,95XXXXXX85,2025-04-13T17:17:00,true
C000728,Customer 3Z4KMHBGS,86XXXXXX31,2025-06-28T21:46:00,true
C000729,Customer HU3FXU2YT,84XXXXXX48,2025-08-01T21:13:00,true
C000730,Customer EEFWSTCQV,94XXXXXX93,2025-04-19T09:37:00,true
C000731,Customer WRQZ3DQWQ,79XXXXXX95,2025-03-02T13:16:00,true
C000732,Customer 6XKZARBKQ,99XXXXXX21,2025-02-03T16:42:00,true
C000733,Customer N8QP3J9Q6,75XXXXXX94,2025-02-14T09:31:00,true
C000734,Customer HAC86BK3U,95XXXXXX60,2024-12-21T10:01:00,true
C000735,Customer TTX4EKXM3,97XXXXXX52,2025-11-14T11:52:00,true
C000736,Customer PY9RZB9QC,82XXXXXX75,2025-03-29T21:23:00,true
C000737,Customer Y2N6ZMLQC,79XXXXXX30,2025-08-02T15:46:00,true
C000738,Customer 9WDYKYLPF,71XXXXXX17,2025-06-05T09:09:00,true
C000739,Customer LCMWFGMAC,72XXXXXX36,2025-07-31T11:09:00,true
C000740,Customer T6UE7KV9M,74XXXXXX72,2025-02-15T09:14:00,true
C000741,Customer SLRTSKYMS,83XXXXXX29,2024-11-18T19:14:00,true
C000742,Customer 7SFPUNYSF,93XXXXXX62,2025-05-27T09:39:00,true
C000743,Customer UG7Y5Z9XX,77XXXXXX60,2025-07-14T15:54:00,true
C000744,Customer CCTR5AV43,81XXXXXX22,2025-10-05T20:08:00,true
C000745,Customer NYK7PY7DZ,97XXXXXX61,2025-03-22T14:00:00,true
C000746,Customer F5KQRMXGZ,75XXXXXX59,2025-08-06T14:45:00,true
C000747,Customer 5VKRJ3NGF,95XXXXXX95,2025-05-22T17:26:00,true
C000748,Customer YLCFVDNYL,82XXXXXX81,2025-04-13T11:25:00,true
C000749,Customer ACNGZGGFG,79XXXXXX93,2025-08-05T14:06:00,true
C000750,Customer M7LGRUJMA,70XXXXXX33,2025-10-29T09:11:00,true
C000751,Customer NHFE3Z55D,93XXXXXX14,2025-09-02T18:36:00,true
C000752,Customer TSPLTCD4Q,72XXXXXX65,2025-06-17T11:32:00,true
C000753,Customer R9TWD2DXT,83XXXXXX35,2025-11-07T16:54:00,true
C000754,Customer U2VQAES5P,71XXXXXX74,2025-06-03T11:55:00,true
C000755,Customer 664752TV4,79XXXXXX26,2024-11-25T21:01:00,true
C000756,Customer JXHATY62A,82XXXXXX55,2025-07-20T21:19:00,true
C000757,Customer PJ6RKEKFN,94XXXXXX77,2025-04-01T11:22:00,true
C000758,Customer GAK6JNCDL,83XXXXXX13,2024-12-25T17:23:00,true
C000759,Customer M7GRRQZA4,94XXXXXX88,2025-09-13T16:28:00,true
C000760,Customer FFAWBTAFZ,86XXXXXX70,2025-03-20T18:15:00,true
C000761,Customer QJ835VSQM,80XXXXXX52,2025-03-10T11:13:00,true
C000762,Customer Z8HNRQ4FQ,76XXXXXX73,2025-09-25T18:39:00,true
C000763,Customer 847UB8HKE,85XXXXXX63,2025-11-22T20:59:00,true
C000764,Customer ZJ4MQEB58,84XXXXXX76,2025-09-19T14:51:00,true
C000765,Customer REBRS4UDS,72XXXXXX52,2025-11-15T12:19:00,true
C000766,Customer YRYEKEQXU,89XXXXXX98,2024-11-24T09:03:00,true
C000767,Customer SZNEKJB7H,86XXXXXX23,2025-10-26T17:43:00,true
C000768,Customer WRTK42XNP,86XXXXXX13,2024-11-26T17:55:00,true
C000769,Customer 823ZTF3BS,90XXXXXX93,2025-02-20T10:47:00,true
C000770,Customer YAQWCCGDB,93XXXXXX98,2025-08-02T14:50:00,true
C000771,Customer 4X3BMHN7H,71XXXXXX17,2025-11-04T10:23:00,true
C000772,Customer ANK2AHFBN,99XXXXXX31,2025-05-24T08:49:00,false
C000773,Customer VPU3BJ4EG,83XXXXXX72,2025-01-02T13:54:00,true
C000774,Customer DUYV37MJU,74XXXXXX17,2025-07-21T19:15:00,true
C000775,Customer JK76ATZ8V,89XXXXXX57,2025-01-23T10:18:00,false
C000776,Customer 4R5GCF8BV,86XXXXXX74,2025-03-31T09:12:00,true
C000777,Customer MLRSVBR88,79XXXXXX98,2025-01-19T08:17:00,true
C000778,Customer FBP2XU4Y8,88XXXXXX22,2025-11-08T11:06:00,true
C000779,Customer CS5CQ5DU2,75XXXXXX12,2025-03-13T09:24:00,true
C000780,Customer RWG9JVYQ9,90XXXXXX91,2025-05-04T11:06:00,true
C000781,Customer 4ACX6NXHG,76XXXXXX83,2025-04-04T08:33:00,false
C000782,Customer 3ULEVH4UL,71XXXXXX14,2025-06-10T18:35:00,true
C000783,Customer WLZ5EVTLU,80XXXXXX13,2024-12-10T18:18:00,true
C000784,Customer LHFAC5WHY,82XXXXXX88,2025-06-14T21:03:00,true
C000785,Customer BA75NX4MM,96XXXXXX70,2025-03-28T14:55:00,true
C000786,Customer SDZ86A9MG,75XXXXXX15,2025-06-14T21:14:00,true
C000787,Customer U7QM7AMBR,79XXXXXX56,2024-11-18T12:37:00,true
C000788,Customer ATTHHY5EP,84XXXXXX95,2025-01-07T21:47:00,true
C000789,Customer NZGU4UQ2S,87XXXXXX25,2025-02-05T18:28:00,true
C000790,Customer VR3UC246P,87XXXXXX48,2025-06-04T17:28:00,true
C000791,Customer ETRMF7GTM,82XXXXXX32,2025-06-27T10:48:00,true
C000792,Customer AQW9NAURP,74XXXXXX76,2025-08-04T13:25:00,true
C000793,Customer DXNT6V7TP,78XXXXXX16,2025-11-10T12:16:00,true
C000794,Customer G3TY7GPQH,77XXXXXX21,2025-09-28T13:03:00,true
C000795,Customer K2HKUU2UA,95XXXXXX38,2025-03-27T17:01:00,true
C000796,Customer A4WUL5VLM,77XXXXXX42,2025-10-17T20:36:00,true
C000797,Customer PH9RYVG2N,79XXXXXX89,2025-01-23T21:19:00,false
C000798,Customer FA4LVWDN7,79XXXXXX92,2025-07-17T18:31:00,true
C000799,Customer FXNSVKANQ,84XXXXXX98,2025-01-30T11:11:00,true
C000800,Customer R2P3R2SLP,72XXXXXX47,2025-02-01T09:54:00,true
C000801,Customer A6GGJT8KA,93XXXXXX41,2025-01-04T12:34:00,false
C000802,Customer AAZ8ZZV7K,92XXXXXX39,2025-08-19T18:11:00,false
C000803,Customer LG7LFRGB9,96XXXXXX88,2025-11-01T11:10:00,true
C000804,Customer PHEHW93U4,81XXXXXX73,2025-07-21T08:40:00,true
C000805,Customer 8KCUR32WJ,88XXXXXX89,2025-04-25T20:33:00,true
C000806,Customer RRTZ9TY5Y,74XXXXXX57,2025-04-07T18:43:00,true
C000807,Customer 8FEMCDUNJ,77XXXXXX93,2025-04-07T17:55:00,true
C000808,Customer DYXGJDUXN,79XXXXXX44,2025-01-15T09:39:00,true
C000809,Customer T9BDVW9PB,95XXXXXX58,2025-10-09T21:34:00,false
C000810,Customer 6FN25JH53,95XXXXXX78,2025-06-08T17:50:00,true
C000811,Customer 3PWUM8CYP,75XXXXXX12,2025-09-24T11:32:00,true
C000812,Customer RLF2RYGS7,94XXXXXX53,2025-08-09T11:32:00,true
C000813,Customer 8743D833R,87XXXXXX54,2025-08-16T20:31:00,true
C000814,Customer ZH26L9A68,74XXXXXX10,2025-05-04T10:10:00,true
C000815,Customer RTBZMMZNY,76XXXXXX89,2025-09-20T11:03:00,true
C000816,Customer 53EHMGF6T,99XXXXXX15,2025-09-16T13:12:00,true
C000817,Customer PAM8RGF62,94XXXXXX84,2024-12-29T12:50:00,true
C000818,Customer DNN6N3VKF,94XXXXXX54,2025-04-29T13:08:00,true
C000819,Customer 43N5ZUJK6,90XXXXXX41,2024-11-07T14:06:00,true
C000820,Customer ZZ2HQY5NZ,82XXXXXX20,2025-01-21T12:23:00,true
C000821,Customer 2KV4MMVSC,90XXXXXX83,2025-09-15T16:40:00,true
C000822,Customer YRKLJ9TUG,99XXXXXX52,2025-03-25T15:37:00,true
C000823,Customer 6HDUG23HJ,82XXXXXX73,2025-11-25T15:18:00,true
C000824,Customer J3YQX6UZF,92XXXXXX19,2025-02-13T20:06:00,true
C000825,Customer TVGW7BHSE,89XXXXXX39,2025-06-03T15:58:00,true
C000826,Customer NA85PZXCY,93XXXXXX78,2025-02-14T19:12:00,true
C000827,Customer Z7X8TZXVL,70XXXXXX22,2025-10-04T11:29:00,true
C000828,Customer YSUZ6VW7V,79XXXXXX98,2025-02-22T14:41:00,true
C000829,Customer TN63JM7ND,71XXXXXX81,2025-08-30T16:37:00,true
C000830,Customer R3MK823EJ,72XXXXXX51,2025-05-16T12:30:00,true
C000831,Customer WKCJM84TC,95XXXXXX78,2025-01-27T20:01:00,true
C000832,Customer F4FDM9U63,71XXXXXX54,2025-06-13T21:27:00,true
C000833,Customer ANFYP2AMA,82XXXXXX76,2025-02-08T13:17:00,true
C000834,Customer USGMX3NJJ,88XXXXXX58,2025-09-15T13:34:00,true
C000835,Customer 38UNJ9YKT,98XXXXXX67,2025-01-09T10:52:00,true
C000836,Customer HQBGS8HP4,80XXXXXX79,2025-08-25T13:21:00,true
C000837,Customer WN4AC2U5C,73XXXXXX36,2025-01-12T15:20:00,true
C000838,Customer 83S9FC3G4,87XXXXXX67,2025-09-09T20:34:00,true
C000839,Customer RLYMDP6SS,87XXXXXX90,2025-01-23T11:17:00,true
C000840,Customer 8THMB292X,72XXXXXX96,2025-06-08T09:55:00,true
C000841,Customer Q4RPMPNTA,78XXXXXX23,2025-04-13T08:09:00,true
C000842,Customer HZE3KBL5D,75XXXXXX19,2025-03-15T16:51:00,true
C000843,Customer Y5QTPBAHJ,72XXXXXX22,2025-04-07T14:04:00,true
C000844,Customer 9BKBBX7YA,89XXXXXX62,2025-03-20T18:02:00,false
C000845,Customer FCF96N5AK,92XXXXXX40,2025-06-23T12:45:00,true
C000846,Customer 6XHDS4PN8,98XXXXXX10,2025-06-22T09:02:00,true
C000847,Customer 4RFB3NAKH,78XXXXXX39,2025-12-02T08:12:00,true
C000848,Customer BLZWFXH2P,86XXXXXX75,2025-01-08T12:06:00,true
C000849,Customer K75R3Y9MQ,77XXXXXX47,2025-02-16T09:30:00,true
C000850,Customer L76RVA83W,73XXXXXX68,2024-12-28T09:10:00,true
C000851,Customer QEBRTVSPJ,95XXXXXX66,2025-07-13T10:40:00,true
C000852,Customer XX9KW529R,78XXXXXX92,2025-08-10T19:42:00,true
C000853,Customer GXKKKK4XD,76XXXXXX10,2025-06-02T18:12:00,true
C000854,Customer 6CPFJ4T7B,86XXXXXX78,2025-09-29T20:39:00,true
C000855,Customer 6PQ6P8E3F,80XXXXXX24,2025-04-04T09:50:00,true
C000856,Customer 4H3388J8C,79XXXXXX32,2025-04-03T08:08:00,true
C000857,Customer J5DMZSP36,70XXXXXX64,2025-01-07T20:45:00,true
C000858,Customer 7VV5PY2LV,79XXXXXX67,2025-07-26T12:39:00,true
C000859,Customer 6W262KGK2,85XXXXXX17,2025-01-18T16:10:00,true
C000860,Customer YFSZ82QAQ,72XXXXXX22,2024-12-28T19:56:00,true
C000861,Customer MB9GHK7QQ,98XXXXXX40,2025-11-25T19:37:00,true
C000862,Customer 6Z8J4FUBZ,82XXXXXX96,2025-05-17T21:42:00,true
C000863,Customer LFT8E7UEP,70XXXXXX37,2025-10-01T12:03:00,true
C000864,Customer 98UZ89ZRJ,77XXXXXX67,2025-03-31T10:00:00,true
C000865,Customer LW3NP2AF3,86XXXXXX86,2025-09-23T14:50:00,true
C000866,Customer 45R7TYE9S,88XXXXXX23,2025-01-21T14:28:00,true
C000867,Customer FUHJ3CYYD,83XXXXXX25,2025-11-01T16:10:00,true
C000868,Customer ZAM9G6XQU,91XXXXXX84,2025-12-02T19:44:00,true
C000869,Customer 9QAMS764J,91XXXXXX14,2025-03-19T19:31:00,true
C000870,Customer 4XFCDL5VV,80XXXXXX24,2025-11-15T13:36:00,true
C000871,Customer N4QM3TANX,70XXXXXX91,2025-12-07T15:49:00,true
C000872,Customer 6MPWJX56F,80XXXXXX48,2025-10-14T11:44:00,true
C000873,Customer EBCE7B56D,83XXXXXX82,2025-07-18T19:37:00,true
C000874,Customer YYYGSV5M6,90XXXXXX31,2025-10-22T14:43:00,true
C000875,Customer RFLB7F38Y,73XXXXXX38,2025-08-03T08:47:00,true
C000876,Customer TGLN2RAVB,95XXXXXX83,2025-09-01T15:33:00,true
C000877,Customer EMX3N5FXZ,81XXXXXX33,2024-12-30T16:37:00,true
C000878,Customer 58QKPSPEK,71XXXXXX26,2025-11-16T15:28:00,true
C000879,Customer 72GEFE5G8,70XXXXXX73,2025-05-29T10:41:00,true
C000880,Customer TBN7HMHPR,87XXXXXX98,2024-11-15T14:43:00,true
C000881,Customer YAH7M4Q3T,70XXXXXX39,2024-11-23T16:44:00,true
C000882,Customer DJ5UU4RLV,87XXXXXX76,2025-04-10T16:29:00,false
C000883,Customer TSNHKVRBP,85XXXXXX61,2025-03-14T08:25:00,true
C000884,Customer LZMEY4QBT,91XXXXXX26,2024-12-26T19:00:00,true
C000885,Customer NDQMBNKHE,95XXXXXX56,2025-11-29T08:28:00,true
C000886,Customer KH9KDSG78,70XXXXXX13,2025-06-08T18:26:00,true
C000887,Customer QT86P76EQ,85XXXXXX26,2025-06-04T11:30:00,true
C000888,Customer SKPV5DS8Q,88XXXXXX87,2024-11-13T13:57:00,true
C000889,Customer BGBZDAF3F,73XXXXXX85,2025-11-07T18:56:00,true
C000890,Customer 4TQWJRRKD,70XXXXXX58,2025-10-08T15:45:00,true
C000891,Customer N4273ZXWW,78XXXXXX37,2025-04-25T12:07:00,true
C000892,Customer ZU26BJYSX,83XXXXXX21,2025-11-28T17:46:00,true
C000893,Customer YNGHDXPRU,81XXXXXX70,2025-04-05T16:43:00,true
C000894,Customer MZ4GFUMXL,96XXXXXX23,2025-10-17T16:52:00,true
C000895,Customer CWGQ5EPME,80XXXXXX26,2025-03-13T19:56:00,true
C000896,Customer 2NLHJQ35Q,70XXXXXX36,2025-04-04T13:09:00,true
C000897,Customer ZCQ6QDFB7,78XXXXXX18,2025-10-03T16:10:00,true
C000898,Customer USQ5NCFYP,76XXXXXX63,2025-04-02T18:35:00,true
C000899,Customer YARYWM7A9,79XXXXXX41,2025-10-11T19:29:00,true
C000900,Customer QQV29FTHS,97XXXXXX48,2025-05-26T16:53:00,true
C000901,Customer 5K6Z4Y3EQ,74XXXXXX40,2025-03-06T16:09:00,true
C000902,Customer 584ZMK3M8,81XXXXXX53,2025-12-06T15:24:00,true
C000903,Customer W3CMRFNVX,70XXXXXX19,2025-11-11T14:10:00,true
C000904,Customer 3EGXK5UPH,98XXXXXX24,2025-11-18T16:30:00,true
C000905,Customer 3AB39EZ9W,91XXXXXX19,2024-11-19T15:36:00,true
C000906,Customer 2TWM5A3PL,79XXXXXX62,2025-06-04T18:12:00,true
C000907,Customer MVNMMMULT,88XXXXXX45,2025-04-23T20:24:00,true
C000908,Customer JGE7SGJAR,85XXXXXX15,2025-08-27T20:02:00,true
C000909,Customer LKUXCWF4M,99XXXXXX56,2025-10-02T16:35:00,true
C000910,Customer EZEC5DYNX,95XXXXXX59,2025-07-25T14:06:00,true
C000911,Customer QWEBR4R6R,84XXXXXX57,2025-08-26T09:27:00,true
C000912,Customer 7NW33XTT9,99XXXXXX76,2025-05-25T12:45:00,true
C000913,Customer WL2KVW6K6,99XXXXXX58,2025-07-08T13:47:00,true
C000914,Customer DG4V56PGW,87XXXXXX66,2025-01-22T16:02:00,true
C000915,Customer 787DQCJAE,84XXXXXX73,2025-05-28T20:37:00,true
C000916,Customer BA4X3SCTE,94XXXXXX18,2025-09-01T12:24:00,true
C000917,Customer BDZUXFHH6,87XXXXXX54,2024-12-03T14:11:00,true
C000918,Customer EWHW3DN4F,76XXXXXX22,2025-04-08T20:20:00,true
C000919,Customer ZJMSENK5E,73XXXXXX96,2025-04-24T20:46:00,true
C000920,Customer PT3AKCDCP,78XXXXXX52,2025-07-17T16:22:00,true
C000921,Customer RDB3QBHNX,90XXXXXX20,2025-02-14T13:34:00,true
C000922,Customer X2N67MZC9,90XXXXXX97,2025-03-10T21:46:00,true
C000923,Customer KXZH4JFGJ,94XXXXXX64,2025-03-10T14:45:00,true
C000924,Customer E5TEW9CMG,73XXXXXX73,2024-11-07T14:24:00,true
C000925,Customer 5EYDDUPBF,94XXXXXX72,2025-08-25T20:33:00,true
C000926,Customer WHNALSSB5,80XXXXXX88,2025-04-05T16:05:00,true
C000927,Customer QDF278T4D,72XXXXXX45,2025-04-06T16:47:00,true
C000928,Customer UEMCJ6AH8,74XXXXXX68,2025-07-08T11:13:00,true
C000929,Customer KJ7SGWAZT,98XXXXXX61,2025-06-06T09:02:00,true
C000930,Customer SX3DKXJ7Q,81XXXXXX79,2024-12-05T19:27:00,true
C000931,Customer Y7NFZPZAE,74XXXXXX41,2025-02-01T18:29:00,true
C000932,Customer HXZ5UBU5A,81XXXXXX84,2025-07-13T16:44:00,true
C000933,Customer ZFHAFQKKE,97XXXXXX10,2025-04-29T19:23:00,true
C000934,Customer AGVGVKWEF,91XXXXXX24,2025-11-11T18:39:00,true
C000935,Customer 6H5VQCYR3,71XXXXXX37,2025-02-10T10:19:00,true
C000936,Customer XG6NX5UER,70XXXXXX41,2025-05-13T20:17:00,true
C000937,Customer D38SWHXVK,70XXXXXX91,2025-03-16T10:23:00,true
C000938,Customer TR8SKUF33,93XXXXXX91,2025-07-08T19:38:00,true
C000939,Customer 69KATSMQT,80XXXXXX25,2025-06-12T08:15:00,true
C000940,Customer 74DTWXNCH,97XXXXXX38,2025-07-08T13:45:00,true
C000941,Customer EQQDDGTSZ,87XXXXXX91,2025-08-28T19:42:00,true
C000942,Customer HWYEVFMKB,88XXXXXX78,2024-11-30T20:12:00,true
C000943,Customer XG9DCA58U,91XXXXXX92,2025-03-23T08:45:00,false
C000944,Customer B485F2SYP,77XXXXXX94,2024-12-22T18:40:00,true
C000945,Customer WJPDSTLD6,72XXXXXX95,2025-10-21T15:57:00,true
C000946,Customer HMW42QAR6,73XXXXXX41,2025-02-15T21:22:00,true
C000947,Customer 7KSCM5QCJ,71XXXXXX13,2024-12-10T18:29:00,true
C000948,Customer 5ZBRNVXPK,77XXXXXX78,2024-12-17T15:44:00,true
C000949,Customer S6VKEMXWC,87XXXXXX24,2025-05-16T17:15:00,true
C000950,Customer AVZAP8E2H,72XXXXXX80,2025-04-14T16:23:00,true
C000951,Customer 8PCF72PR8,82XXXXXX14,2025-03-15T09:17:00,true
C000952,Customer RSSBZF9RL,79XXXXXX87,2025-05-31T21:49:00,true
C000953,Customer E7F74PLAN,91XXXXXX91,2025-02-20T09:19:00,true
C000954,Customer UKAJX7HEG,91XXXXXX63,2024-11-07T21:03:00,true
C000955,Customer TGXPPJXH2,94XXXXXX29,2025-10-24T17:34:00,true
C000956,Customer EDYU2XHNU,76XXXXXX86,2025-11-24T19:40:00,true
C000957,Customer CBQMC3AUH,74XXXXXX46,2025-11-05T19:30:00,true
C000958,Customer 2VWQCFH5X,92XXXXXX71,2025-02-24T12:19:00,true
C000959,Customer 9NXL96JD6,70XXXXXX77,2025-01-01T12:14:00,true
C000960,Customer LBNDVRGSC,90XXXXXX57,2025-11-10T11:52:00,true
C000961,Customer 5WCMK2Z5M,80XXXXXX87,2025-11-26T08:38:00,true
C000962,Customer R3AVWHHNZ,91XXXXXX32,2025-10-09T13:28:00,true
C000963,Customer PK6HXLJ5F,81XXXXXX80,2025-03-26T16:56:00,true
C000964,Customer KWYY75PXJ,99XXXXXX43,2025-10-17T13:34:00,true
C000965,Customer UNX9YPJ7L,80XXXXXX55,2025-08-06T15:35:00,false
C000966,Customer LD7KPAXWZ,99XXXXXX99,2025-05-13T13:17:00,true
C000967,Customer BU6UN93BE,89XXXXXX23,2025-06-12T14:40:00,true
C000968,Customer QPK3KP7AD,71XXXXXX72,2025-03-31T13:18:00,true
C000969,Customer 3UVWUWZG4,94XXXXXX19,2025-10-10T09:24:00,true
C000970,Customer JJCVPVHRW,95XXXXXX26,2025-04-26T17:58:00,true
C000971,Customer F9R4WF74C,99XXXXXX97,2025-04-18T18:43:00,true
C000972,Customer ANFX42MJ3,98XXXXXX70,2025-05-23T16:13:00,true
C000973,Customer 8DH9P6HHN,80XXXXXX78,2025-12-04T08:45:00,true
C000974,Customer 6GFXCFLN7,82XXXXXX93,2025-06-06T13:45:00,true
C000975,Customer DRGAMM6N9,90XXXXXX79,2025-06-18T15:49:00,true
C000976,Customer 5J57SY6GZ,92XXXXXX71,2025-11-20T18:03:00,true
C000977,Customer AEL55RKP2,85XXXXXX99,2025-10-08T16:40:00,true
C000978,Customer YMGQHQS4W,78XXXXXX32,2025-08-15T08:02:00,true
C000979,Customer TQ393S55Q,88XXXXXX62,2025-09-01T21:04:00,true
C000980,Customer NDZFZKNQZ,93XXXXXX44,2025-08-15T15:17:00,true
C000981,Customer Z55D84ADL,86XXXXXX68,2026-09-08T20:43:00,true
C000982,Customer QKAF4XUY4,92XXXXXX64,2026-04-17T09:09:00,true
C000983,Customer DCNZ7YREU,81XXXXXX69,2026-08-14T14:42:00,true
C000984,Customer NQBBE8RCA,75XXXXXX77,2026-08-12T08:16:00,true
C000985,Customer TJAR23RQY,80XXXXXX75,2026-08-11T10:03:00,true
C000986,Customer VPWZGH6BJ,74XXXXXX12,2026-06-01T18:02:00,true
C000987,Customer G9GKFBJEE,78XXXXXX42,2026-01-08T16:45:00,true
C000988,Customer T295SG5X5,88XXXXXX25,2026-01-19T15:59:00,true
C000989,Customer CVKXQQJ2K,83XXXXXX66,2026-01-01T10:17:00,true
C000990,Customer GQMA8ZJJH,91XXXXXX88,2026-03-11T21:14:00,true
C000991,Customer LXFMHETVK,84XXXXXX81,2026-08-15T17:56:00,true
C000992,Customer G5YCAEH5J,74XXXXXX31,2026-05-05T16:32:00,true
C000993,Customer PQ7FG89KQ,72XXXXXX88,2026-01-08T17:42:00,true
C000994,Customer FR9ANPVMT,81XXXXXX93,2026-03-08T11:18:00,true
C000995,Customer DYLLYH3KC,93XXXXXX80,2026-04-15T08:50:00,true
C000996,Customer NUFNF6U9K,74XXXXXX60,2026-01-25T16:22:00,true
C000997,Customer HQRWZQ2UY,89XXXXXX42,2026-03-17T10:43:00,true
C000998,Customer NNK8SNZ8N,76XXXXXX93,2026-08-15T21:56:00,true
C000999,Customer NQ66EQDX7,70XXXXXX69,2026-01-24T21:09:00,true
C001000,Customer RQABGABAJ,83XXXXXX76,2026-08-10T12:03:00,true
