merchant_id,store_name,owner_name,city,default_margin_pct,created_at,is_active
M0001,Brew Junction,R. Kulkarni,Mumbai,32.0,2024-03-02T13:25:00,true
M0002,Saffron Tandoor House,A. Fernandes,Pune,28.0,2024-05-17T12:52:00,true
M0003,Glow & Mane Studio,S. Banerjee,Bengaluru,34.0,2024-12-23T11:30:00,true
M0004,Indigo Thread Apparel,N. Iyer,Hyderabad,38.0,2024-03-13T18:23:00,true
M0005,GreenLeaf Daily Mart,V. Deshpande,Delhi,12.0,2024-04-07T10:15:00,true
M0006,Crumb Theory Bakes,M. Qureshi,Chennai,30.0,2024-03-09T15:16:00,true
M0007,PulseForge Fitness,P. Menon,Ahmedabad,35.0,2024-04-05T12:53:00,true
M0008,VoltCave Electronics,D. Ghosh,Jaipur,18.0,2024-02-05T15:27:00,true
M0009,Aura Beauty Lab,K. Pillai,Kolkata,36.0,2024-04-12T09:14:00,true
M0010,MediPlus Pharmacy,T. Varma,Mumbai,15.0,2024-05-28T15:44:00,true
M0011,PawPal Pet Care,R. Kulkarni,Pune,32.0,2024-06-28T13:52:00,true
M0012,Chapter One Books,A. Fernandes,Bengaluru,28.0,2024-05-20T14:43:00,true
M0013,Chai & Co Cafe,S. Banerjee,Hyderabad,31.0,2024-01-01T18:21:00,true
M0014,Tandoori Nights,N. Iyer,Delhi,27.0,2024-10-06T11:18:00,true
M0015,StyleMint Boutique,V. Deshpande,Chennai,40.0,2024-09-26T18:55:00,true
M0016,FreshKart Supermarket,M. Qureshi,Ahmedabad,11.0,2024-07-04T12:08:00,true
M0017,Urban Grind Coffee,P. Menon,Jaipur,33.0,2024-06-21T13:28:00,true
M0018,Curry Leaf Kitchen,D. Ghosh,Kolkata,26.0,2024-12-18T14:51:00,true
M0019,Zenith Electronics,K. Pillai,Mumbai,17.0,2024-12-01T12:03:00,false
M0020,Bloom Botanicals,T. Varma,Mumbai,35.0,2024-10-23T18:37:00,false
