txn_id,merchant_id,customer_id,txn_datetime,amount,payment_mode,status
TXN0001,M001,C001,2026-01-10 18:10:00,160,UPI,SUCCESS
TXN0002,M001,C002,2026-01-11 18:10:00,168,UPI,SUCCESS
TXN0003,M001,C003,2026-01-12 18:10:00,176,UPI,SUCCESS
TXN0004,M001,C004,2026-01-13 18:10:00,184,UPI,SUCCESS
TXN0005,M001,C005,2026-01-14 18:10:00,192,UPI,SUCCESS
TXN0006,M001,C006,2026-01-15 18:10:00,200,UPI,SUCCESS
TXN0007,M001,C007,2026-01-16 18:10:00,208,UPI,SUCCESS
TXN0008,M001,C008,2026-01-17 18:10:00,216,UPI,SUCCESS
TXN0009,M001,C009,2026-01-18 18:10:00,224,UPI,SUCCESS
TXN0010,M001,C010,2026-01-19 18:10:00,232,UPI,SUCCESS
TXN0011,M001,C011,2026-01-20 18:10:00,240,UPI,SUCCESS
TXN0012,M001,C012,2026-01-21 18:10:00,248,UPI,SUCCESS
TXN0013,M001,C013,2026-01-22 18:10:00,256,UPI,SUCCESS
TXN0014,M001,C014,2026-01-23 18:10:00,264,UPI,SUCCESS
TXN0015,M001,C015,2026-01-24 18:10:00,272,UPI,SUCCESS
TXN0016,M001,C016,2026-01-05 00:00:00,140,UPI,SUCCESS
TXN0017,M001,C016,2026-01-15 12:00:00,160,Wallet,SUCCESS
TXN0018,M001,C016,2026-01-26 00:00:00,150,Card,SUCCESS
TXN0019,M001,C017,2026-01-05 00:00:00,150,UPI,SUCCESS
TXN0020,M001,C017,2026-01-15 12:00:00,170,Wallet,SUCCESS
TXN0021,M001,C017,2026-01-26 00:00:00,160,Card,SUCCESS
TXN0022,M001,C018,2026-01-05 00:00:00,160,UPI,SUCCESS
TXN0023,M001,C018,2026-01-15 12:00:00,180,Wallet,SUCCESS
TXN0024,M001,C018,2026-01-26 00:00:00,170,Card,SUCCESS
TXN0025,M001,C019,2026-01-05 00:00:00,170,UPI,SUCCESS
TXN0026,M001,C019,2026-01-15 12:00:00,190,Wallet,SUCCESS
TXN0027,M001,C019,2026-01-26 00:00:00,180,Card,SUCCESS
TXN0028,M001,C020,2026-01-05 00:00:00,180,UPI,SUCCESS
TXN0029,M001,C020,2026-01-15 12:00:00,200,Wallet,SUCCESS
TXN0030,M001,C020,2026-01-26 00:00:00,190,Card,SUCCESS
TXN0031,M001,C021,2026-01-05 00:00:00,140,UPI,SUCCESS
TXN0032,M001,C021,2026-01-15 12:00:00,160,Wallet,SUCCESS
TXN0033,M001,C021,2026-01-26 00:00:00,150,Card,SUCCESS
TXN0034,M001,C022,2026-01-05 00:00:00,150,UPI,SUCCESS
TXN0035,M001,C022,2026-01-15 12:00:00,170,Wallet,SUCCESS
TXN0036,M001,C022,2026-01-26 00:00:00,160,Card,SUCCESS
TXN0037,M001,C023,2026-01-05 00:00:00,160,UPI,SUCCESS
TXN0038,M001,C023,2026-01-15 12:00:00,180,Wallet,SUCCESS
TXN0039,M001,C023,2026-01-26 00:00:00,170,Card,SUCCESS
TXN0040,M001,C024,2026-01-05 00:00:00,170,UPI,SUCCESS
TXN0041,M001,C024,2026-01-15 12:00:00,190,Wallet,SUCCESS
TXN0042,M001,C024,2026-01-26 00:00:00,180,Card,SUCCESS
TXN0043,M001,C025,2026-01-05 00:00:00,180,UPI,SUCCESS
TXN0044,M001,C025,2026-01-15 12:00:00,200,Wallet,SUCCESS
TXN0045,M001,C025,2026-01-26 00:00:00,190,Card,SUCCESS
TXN0046,M001,C026,2026-01-05 00:00:00,140,UPI,SUCCESS
TXN0047,M001,C026,2026-01-15 12:00:00,160,Wallet,SUCCESS
TXN0048,M001,C026,2026-01-26 00:00:00,150,Card,SUCCESS
TXN0049,M001,C027,2026-01-05 00:00:00,150,UPI,SUCCESS
TXN0050,M001,C027,2026-01-15 12:00:00,170,Wallet,SUCCESS
TXN0051,M001,C027,2026-01-26 00:00:00,160,Card,SUCCESS
TXN0052,M001,C028,2026-01-05 00:00:00,160,UPI,SUCCESS
TXN0053,M001,C028,2026-01-15 12:00:00,180,Wallet,SUCCESS
TXN0054,M001,C028,2026-01-26 00:00:00,170,Card,SUCCESS
TXN0055,M001,C029,2026-01-05 00:00:00,170,UPI,SUCCESS
TXN0056,M001,C029,2026-01-15 12:00:00,190,Wallet,SUCCESS
TXN0057,M001,C029,2026-01-26 00:00:00,180,Card,SUCCESS
TXN0058,M001,C030,2026-01-05 00:00:00,180,UPI,SUCCESS
TXN0059,M001,C030,2026-01-15 12:00:00,200,Wallet,SUCCESS
TXN0060,M001,C030,2026-01-26 00:00:00,190,Card,SUCCESS
TXN0061,M001,C031,2026-01-05 00:00:00,140,UPI,SUCCESS
TXN0062,M001,C031,2026-01-15 12:00:00,160,Wallet,SUCCESS
TXN0063,M001,C031,2026-01-26 00:00:00,150,Card,SUCCESS
TXN0064,M001,C032,2026-01-05 00:00:00,150,UPI,SUCCESS
TXN0065,M001,C032,2026-01-15 12:00:00,170,Wallet,SUCCESS
TXN0066,M001,C032,2026-01-26 00:00:00,160,Card,SUCCESS
TXN0067,M001,C033,2026-01-05 00:00:00,160,UPI,SUCCESS
TXN0068,M001,C033,2026-01-15 12:00:00,180,Wallet,SUCCESS
TXN0069,M001,C033,2026-01-26 00:00:00,170,Card,SUCCESS
TXN0070,M001,C034,2026-01-05 00:00:00,170,UPI,SUCCESS
TXN0071,M001,C034,2026-01-15 12:00:00,190,Wallet,SUCCESS
TXN0072,M001,C034,2026-01-26 00:00:00,180,Card,SUCCESS
TXN0073,M001,C035,2026-01-05 00:00:00,180,UPI,SUCCESS
TXN0074,M001,C035,2026-01-15 12:00:00,200,Wallet,SUCCESS
TXN0075,M001,C035,2026-01-26 00:00:00,190,Card,SUCCESS
TXN0076,M001,C036,2025-11-02 13:00:00,180,UPI,SUCCESS
TXN0077,M001,C036,2025-12-01 19:20:00,190,UPI,SUCCESS
TXN0078,M001,C037,2025-11-02 13:00:00,185,UPI,SUCCESS
TXN0079,M001,C037,2025-12-01 19:20:00,195,UPI,SUCCESS
TXN0080,M001,C038,2025-11-02 13:00:00,190,UPI,SUCCESS
TXN0081,M001,C038,2025-12-01 19:20:00,200,UPI,SUCCESS
TXN0082,M001,C039,2025-11-02 13:00:00,195,UPI,SUCCESS
TXN0083,M001,C039,2025-12-01 19:20:00,205,UPI,SUCCESS
TXN0084,M001,C040,2025-11-02 13:00:00,200,UPI,SUCCESS
TXN0085,M001,C040,2025-12-01 19:20:00,210,UPI,SUCCESS
TXN0086,M001,C041,2025-11-02 13:00:00,205,UPI,SUCCESS
TXN0087,M001,C041,2025-12-01 19:20:00,215,UPI,SUCCESS
TXN0088,M001,C042,2025-11-02 13:00:00,210,UPI,SUCCESS
TXN0089,M001,C042,2025-12-01 19:20:00,220,UPI,SUCCESS
TXN0090,M001,C043,2025-11-02 13:00:00,215,UPI,SUCCESS
TXN0091,M001,C043,2025-12-01 19:20:00,225,UPI,SUCCESS
TXN0092,M001,C044,2025-11-02 13:00:00,220,UPI,SUCCESS
TXN0093,M001,C044,2025-12-01 19:20:00,230,UPI,SUCCESS
TXN0094,M001,C045,2025-11-02 13:00:00,225,UPI,SUCCESS
TXN0095,M001,C045,2025-12-01 19:20:00,235,UPI,SUCCESS
TXN0096,M001,C046,2025-09-01 00:00:00,90,UPI,SUCCESS
TXN0097,M001,C046,2025-09-17 00:00:00,90,Card,SUCCESS
TXN0098,M001,C046,2025-10-03 00:00:00,90,UPI,SUCCESS
TXN0099,M001,C046,2025-10-19 00:00:00,90,Card,SUCCESS
TXN0100,M001,C046,2025-11-04 00:00:00,90,UPI,SUCCESS
TXN0101,M001,C046,2025-11-20 00:00:00,90,Card,SUCCESS
TXN0102,M001,C047,2025-09-01 00:00:00,95,UPI,SUCCESS
TXN0103,M001,C047,2025-09-17 00:00:00,95,Card,SUCCESS
TXN0104,M001,C047,2025-10-03 00:00:00,95,UPI,SUCCESS
TXN0105,M001,C047,2025-10-19 00:00:00,95,Card,SUCCESS
TXN0106,M001,C047,2025-11-04 00:00:00,95,UPI,SUCCESS
TXN0107,M001,C047,2025-11-20 00:00:00,95,Card,SUCCESS
TXN0108,M001,C048,2025-12-20 00:00:00,110,UPI,SUCCESS
TXN0109,M001,C048,2025-12-26 14:24:00,110,Wallet,SUCCESS
TXN0110,M001,C048,2026-01-02 04:48:00,110,UPI,SUCCESS
TXN0111,M001,C048,2026-01-08 19:12:00,110,Wallet,SUCCESS
TXN0112,M001,C048,2026-01-15 09:36:00,110,UPI,SUCCESS
TXN0113,M001,C048,2026-01-22 00:00:00,110,Wallet,SUCCESS
TXN0114,M001,C049,2025-12-20 00:00:00,114,UPI,SUCCESS
TXN0115,M001,C049,2025-12-26 14:24:00,114,Wallet,SUCCESS
TXN0116,M001,C049,2026-01-02 04:48:00,114,UPI,SUCCESS
TXN0117,M001,C049,2026-01-08 19:12:00,114,Wallet,SUCCESS
TXN0118,M001,C049,2026-01-15 09:36:00,114,UPI,SUCCESS
TXN0119,M001,C049,2026-01-22 00:00:00,114,Wallet,SUCCESS
TXN0120,M001,C050,2025-12-20 00:00:00,118,UPI,SUCCESS
TXN0121,M001,C050,2025-12-26 14:24:00,118,Wallet,SUCCESS
TXN0122,M001,C050,2026-01-02 04:48:00,118,UPI,SUCCESS
TXN0123,M001,C050,2026-01-08 19:12:00,118,Wallet,SUCCESS
TXN0124,M001,C050,2026-01-15 09:36:00,118,UPI,SUCCESS
TXN0125,M001,C050,2026-01-22 00:00:00,118,Wallet,SUCCESS
TXN0126,M001,C051,2025-12-20 00:00:00,122,UPI,SUCCESS
TXN0127,M001,C051,2025-12-26 14:24:00,122,Wallet,SUCCESS
TXN0128,M001,C051,2026-01-02 04:48:00,122,UPI,SUCCESS
TXN0129,M001,C051,2026-01-08 19:12:00,122,Wallet,SUCCESS
TXN0130,M001,C051,2026-01-15 09:36:00,122,UPI,SUCCESS
TXN0131,M001,C051,2026-01-22 00:00:00,122,Wallet,SUCCESS
TXN0132,M001,C052,2025-12-20 00:00:00,126,UPI,SUCCESS
TXN0133,M001,C052,2025-12-26 14:24:00,126,Wallet,SUCCESS
TXN0134,M001,C052,2026-01-02 04:48:00,126,UPI,SUCCESS
TXN0135,M001,C052,2026-01-08 19:12:00,126,Wallet,SUCCESS
TXN0136,M001,C052,2026-01-15 09:36:00,126,UPI,SUCCESS
TXN0137,M001,C052,2026-01-22 00:00:00,126,Wallet,SUCCESS
TXN0138,M001,C053,2025-10-12 12:00:00,2100,Card,SUCCESS
TXN0139,M001,C053,2025-11-08 17:40:00,2300,UPI,SUCCESS
TXN0140,M001,C053,2025-12-05 20:15:00,2200,UPI,SUCCESS
TXN0141,M001,C054,2025-10-12 12:00:00,2140,Card,SUCCESS
TXN0142,M001,C054,2025-11-08 17:40:00,2330,UPI,SUCCESS
TXN0143,M001,C054,2025-12-05 20:15:00,2225,UPI,SUCCESS
TXN0144,M001,C055,2025-10-12 12:00:00,2180,Card,SUCCESS
TXN0145,M001,C055,2025-11-08 17:40:00,2360,UPI,SUCCESS
TXN0146,M001,C055,2025-12-05 20:15:00,2250,UPI,SUCCESS
TXN0147,M001,C056,2025-10-12 12:00:00,2220,Card,SUCCESS
TXN0148,M001,C056,2025-11-08 17:40:00,2390,UPI,SUCCESS
TXN0149,M001,C056,2025-12-05 20:15:00,2275,UPI,SUCCESS
TXN0150,M001,C057,2025-10-12 12:00:00,2260,Card,SUCCESS
TXN0151,M001,C057,2025-11-08 17:40:00,2420,UPI,SUCCESS
TXN0152,M001,C057,2025-12-05 20:15:00,2300,UPI,SUCCESS
TXN0153,M001,C058,2025-10-12 12:00:00,2300,Card,SUCCESS
TXN0154,M001,C058,2025-11-08 17:40:00,2450,UPI,SUCCESS
TXN0155,M001,C058,2025-12-05 20:15:00,2325,UPI,SUCCESS
TXN0156,M001,C059,2025-10-12 12:00:00,2340,Card,SUCCESS
TXN0157,M001,C059,2025-11-08 17:40:00,2480,UPI,SUCCESS
TXN0158,M001,C059,2025-12-05 20:15:00,2350,UPI,SUCCESS
TXN0159,M001,C060,2025-10-12 12:00:00,2380,Card,SUCCESS
TXN0160,M001,C060,2025-11-08 17:40:00,2510,UPI,SUCCESS
TXN0161,M001,C060,2025-12-05 20:15:00,2375,UPI,SUCCESS
TXN0162,M001,C061,2025-12-18 00:00:00,1500,UPI,SUCCESS
TXN0163,M001,C061,2025-12-25 14:24:00,1500,Card,SUCCESS
TXN0164,M001,C061,2026-01-02 04:48:00,1500,UPI,SUCCESS
TXN0165,M001,C061,2026-01-09 19:12:00,1500,Card,SUCCESS
TXN0166,M001,C061,2026-01-17 09:36:00,1500,UPI,SUCCESS
TXN0167,M001,C061,2026-01-25 00:00:00,1500,Card,SUCCESS
TXN0168,M001,C062,2025-12-18 00:00:00,1520,UPI,SUCCESS
TXN0169,M001,C062,2025-12-25 14:24:00,1520,Card,SUCCESS
TXN0170,M001,C062,2026-01-02 04:48:00,1520,UPI,SUCCESS
TXN0171,M001,C062,2026-01-09 19:12:00,1520,Card,SUCCESS
TXN0172,M001,C062,2026-01-17 09:36:00,1520,UPI,SUCCESS
TXN0173,M001,C062,2026-01-25 00:00:00,1520,Card,SUCCESS
TXN0174,M001,C063,2025-12-18 00:00:00,1540,UPI,SUCCESS
TXN0175,M001,C063,2025-12-25 14:24:00,1540,Card,SUCCESS
TXN0176,M001,C063,2026-01-02 04:48:00,1540,UPI,SUCCESS
TXN0177,M001,C063,2026-01-09 19:12:00,1540,Card,SUCCESS
TXN0178,M001,C063,2026-01-17 09:36:00,1540,UPI,SUCCESS
TXN0179,M001,C063,2026-01-25 00:00:00,1540,Card,SUCCESS
TXN0180,M001,C064,2025-12-18 00:00:00,1560,UPI,SUCCESS
TXN0181,M001,C064,2025-12-25 14:24:00,1560,Card,SUCCESS
TXN0182,M001,C064,2026-01-02 04:48:00,1560,UPI,SUCCESS
TXN0183,M001,C064,2026-01-09 19:12:00,1560,Card,SUCCESS
TXN0184,M001,C064,2026-01-17 09:36:00,1560,UPI,SUCCESS
TXN0185,M001,C064,2026-01-25 00:00:00,1560,Card,SUCCESS
TXN0186,M001,C065,2025-12-18 00:00:00,1580,UPI,SUCCESS
TXN0187,M001,C065,2025-12-25 14:24:00,1580,Card,SUCCESS
TXN0188,M001,C065,2026-01-02 04:48:00,1580,UPI,SUCCESS
TXN0189,M001,C065,2026-01-09 19:12:00,1580,Card,SUCCESS
TXN0190,M001,C065,2026-01-17 09:36:00,1580,UPI,SUCCESS
TXN0191,M001,C065,2026-01-25 00:00:00,1580,Card,SUCCESS
TXN0192,M001,C066,2025-12-18 00:00:00,1600,UPI,SUCCESS
TXN0193,M001,C066,2025-12-25 14:24:00,1600,Card,SUCCESS
TXN0194,M001,C066,2026-01-02 04:48:00,1600,UPI,SUCCESS
TXN0195,M001,C066,2026-01-09 19:12:00,1600,Card,SUCCESS
TXN0196,M001,C066,2026-01-17 09:36:00,1600,UPI,SUCCESS
TXN0197,M001,C066,2026-01-25 00:00:00,1600,Card,SUCCESS
TXN0198,M001,C067,2025-12-18 00:00:00,1620,UPI,SUCCESS
TXN0199,M001,C067,2025-12-25 14:24:00,1620,Card,SUCCESS
TXN0200,M001,C067,2026-01-02 04:48:00,1620,UPI,SUCCESS
TXN0201,M001,C067,2026-01-09 19:12:00,1620,Card,SUCCESS
TXN0202,M001,C067,2026-01-17 09:36:00,1620,UPI,SUCCESS
TXN0203,M001,C067,2026-01-25 00:00:00,1620,Card,SUCCESS
TXN0204,M001,C068,2025-12-18 00:00:00,1640,UPI,SUCCESS
TXN0205,M001,C068,2025-12-25 14:24:00,1640,Card,SUCCESS
TXN0206,M001,C068,2026-01-02 04:48:00,1640,UPI,SUCCESS
TXN0207,M001,C068,2026-01-09 19:12:00,1640,Card,SUCCESS
TXN0208,M001,C068,2026-01-17 09:36:00,1640,UPI,SUCCESS
TXN0209,M001,C068,2026-01-25 00:00:00,1640,Card,SUCCESS
TXN0210,M001,C069,2025-12-18 00:00:00,1660,UPI,SUCCESS
TXN0211,M001,C069,2025-12-25 14:24:00,1660,Card,SUCCESS
TXN0212,M001,C069,2026-01-02 04:48:00,1660,UPI,SUCCESS
TXN0213,M001,C069,2026-01-09 19:12:00,1660,Card,SUCCESS
TXN0214,M001,C069,2026-01-17 09:36:00,1660,UPI,SUCCESS
TXN0215,M001,C069,2026-01-25 00:00:00,1660,Card,SUCCESS
TXN0216,M001,C070,2025-12-18 00:00:00,1680,UPI,SUCCESS
TXN0217,M001,C070,2025-12-25 14:24:00,1680,Card,SUCCESS
TXN0218,M001,C070,2026-01-02 04:48:00,1680,UPI,SUCCESS
TXN0219,M001,C070,2026-01-09 19:12:00,1680,Card,SUCCESS
TXN0220,M001,C070,2026-01-17 09:36:00,1680,UPI,SUCCESS
TXN0221,M001,C070,2026-01-25 00:00:00,1680,Card,SUCCESS
TXN0222,M001,C001,2026-01-11 09:00:00,99,UPI,FAILED
TXN0223,M001,C016,2026-01-12 09:00:00,80,UPI,FAILED
TXN0224,M001,C020,2026-01-13 09:00:00,70,UPI,REFUNDED
TXN0225,M001,C036,2025-12-02 09:00:00,50,UPI,FAILED
TXN0226,M001,C048,2026-01-14 09:00:00,40,UPI,REFUNDED
TXN0227,M001,C053,2025-12-06 09:00:00,100,UPI,FAILED
TXN0228,M001,C061,2026-01-16 09:00:00,120,UPI,FAILED
TXN0229,M001,C070,2026-01-26 09:00:00,60,UPI,REFUNDED
TXN0230,M001,C010,2026-01-19 09:00:00,30,UPI,FAILED
TXN0231,M001,C030,2026-01-21 09:00:00,45,UPI,REFUNDED
TXN0232,M002,C201,2026-01-10 10:00:00,250,UPI,SUCCESS
TXN0233,M002,C202,2026-01-11 10:00:00,265,UPI,SUCCESS
TXN0234,M002,C203,2026-01-12 10:00:00,280,UPI,SUCCESS
TXN0235,M002,C204,2026-01-13 10:00:00,295,UPI,SUCCESS
TXN0236,M002,C204,2026-01-13 11:00:00,295,UPI,SUCCESS
TXN0237,M002,C204,2026-01-13 12:00:00,295,UPI,SUCCESS
TXN0238,M002,C205,2026-01-14 10:00:00,310,UPI,SUCCESS
TXN0239,M002,C205,2026-01-14 11:00:00,310,UPI,SUCCESS
TXN0240,M002,C205,2026-01-14 12:00:00,310,UPI,SUCCESS
TXN0241,M002,C206,2026-01-15 10:00:00,325,UPI,SUCCESS
TXN0242,M002,C206,2026-01-15 11:00:00,325,UPI,SUCCESS
TXN0243,M002,C206,2026-01-15 12:00:00,325,UPI,SUCCESS
TXN0244,M002,C207,2026-01-16 10:00:00,340,UPI,SUCCESS
TXN0245,M002,C207,2026-01-16 11:00:00,340,UPI,SUCCESS
TXN0246,M002,C207,2026-01-16 12:00:00,340,UPI,SUCCESS
TXN0247,M002,C208,2026-01-17 10:00:00,355,UPI,SUCCESS
TXN0248,M002,C208,2026-01-17 11:00:00,355,UPI,SUCCESS
TXN0249,M002,C208,2026-01-17 12:00:00,355,UPI,SUCCESS
